id,name,name_in_performance,name_in_risk,name_in_accounting,sector_id,currency_id,region_id
1,Strategy A,Strategy A,Strategy A,Strategy A,,,
2,M001,M001,M001,M001,,,
3,M002,M002,M002,M002,,,
4,M003,M003,M003,M003,,,
5,M004,M004,M004,M004,,,
6,M005,M005,M005,M005,,,
7,M006,M006,M006,M006,,,
8,M007,M007,M007,M007,,,
9,M008,M008,M008,M008,,,
10,M009,M009,M009,M009,,,
11,M010,M010,M010,M010,,,
12,M011,M011,M011,M011,,,
13,M012,M012,M012,M012,,,
14,M013,M013,M013,M013,,,
15,M014,M014,M014,M014,,,
16,M015,M015,M015,M015,,,
17,M016,M016,M016,M016,,,
18,M017,M017,M017,M017,,,
19,M018,M018,M018,M018,,,
20,M019,M019,M019,M019,,,
21,M020,M020,M020,M020,,,
22,M021,M021,M021,M021,,,
23,M022,M022,M022,M022,,,
24,M023,M023,M023,M023,,,
25,M024,M024,M024,M024,,,
26,M025,M025,M025,M025,,,
27,M026,M026,M026,M026,,,
28,M027,M027,M027,M027,,,
29,M028,M028,M028,M028,,,
30,M029,M029,M029,M029,,,
31,M030,M030,M030,M030,,,
32,M031,M031,M031,M031,,,
33,M032,M032,M032,M032,,,
34,M033,M033,M033,M033,,,
35,M034,M034,M034,M034,,,
36,M035,M035,M035,M035,,,
37,M036,M036,M036,M036,,,
38,M037,M037,M037,M037,,,
39,M038,M038,M038,M038,,,
40,M039,M039,M039,M039,,,
41,M040,M040,M040,M040,,,
42,AC201,AC201,AC201,AC201,,,
43,AC202,AC202,AC202,AC202,,,
44,AC203,AC203,AC203,AC203,,,
45,AC204,AC204,AC204,AC204,,,
46,AC205,AC205,AC205,AC205,,,
47,AC206,AC206,AC206,AC206,,,
48,AC207,AC207,AC207,AC207,,,
49,AC208,AC208,AC208,AC208,,,
50,AC209,AC209,AC209,AC209,,,
51,AC210,AC210,AC210,AC210,,,
52,AC211,AC211,AC211,AC211,,,
53,AC212,AC212,AC212,AC212,,,
54,AC213,AC213,AC213,AC213,,,
55,AC214,AC214,AC214,AC214,,,
56,AC215,AC215,AC215,AC215,,,
57,AC216,AC216,AC216,AC216,,,
62,Cash,Cash,Cash,Cash,,,
63,Developed Shares,Developed Shares,Developed Shares,Developed Shares,,,
64,Diversified Strategies,Diversified Strategies,Diversified Strategies,Diversified Strategies,,,
65,Emerging Shares,Emerging Shares,Emerging Shares,Emerging Shares,,,
66,Fixed Income(H),Fixed Income(H),Fixed Income(H),Fixed Income(H),,,
67,Hedge Funds(H),Hedge Funds(H),Hedge Funds(H),Hedge Funds(H),,,
68,Infrastructure(H),Infrastructure(H),Infrastructure(H),Infrastructure(H),,,
69,Private Capital(H),Private Capital(H),Private Capital(H),Private Capital(H),,,
70,Property(H),Property(H),Property(H),Property(H),,,
71,Real Estate,Real Estate,Real Estate,Real Estate,,,
72,Strategy B,Strategy B,Strategy B,Strategy B,,,
73,Strategy C,Strategy C,Strategy C,Strategy C,,,
74,Strategy D,Strategy D,Strategy D,Strategy D,,,
58,Developed Shares(C),Developed Shares,Developed Shares,Developed Shares,,,
59,Hedge Funds(C),Hedge Funds(H),Hedge Funds(H),Hedge Funds(H),,,
60,Private Capital(C),Private Capital(H),Private Capital(H),Private Capital(H),,,
61,Real Estate(C),Real Estate,Real Estate,Real Estate,,,
