id,level,level_name,parent_id,benchmark_id,entity_id,set_id
1,1,Strategy,,,1,1
2,2,Asset Class Level 1,1,,62,1
3,2,Asset Class Level 1,1,,63,1
4,2,Asset Class Level 1,72,,64,1
5,2,Asset Class Level 1,72,,65,1
6,2,Asset Class Level 1,72,,66,1
7,2,Asset Class Level 1,73,,67,1
8,2,Asset Class Level 1,73,,68,1
9,2,Asset Class Level 1,1,,69,1
10,2,Asset Class Level 1,74,,70,1
11,2,Asset Class Level 1,74,,71,1
12,3,Asset Class Level 2,2,,42,1
13,3,Asset Class Level 2,2,,43,1
14,3,Asset Class Level 2,2,,44,1
15,3,Asset Class Level 2,4,,45,1
16,3,Asset Class Level 2,4,,46,1
17,3,Asset Class Level 2,4,,47,1
18,3,Asset Class Level 2,4,,48,1
19,3,Asset Class Level 2,5,,49,1
20,3,Asset Class Level 2,5,,50,1
21,3,Asset Class Level 2,6,,51,1
22,3,Asset Class Level 2,6,,52,1
23,3,Asset Class Level 2,6,,53,1
24,3,Asset Class Level 2,8,,54,1
25,3,Asset Class Level 2,8,,55,1
26,3,Asset Class Level 2,10,,56,1
27,3,Asset Class Level 2,10,,57,1
28,3,Asset Class Level 2,3,,58,1
29,3,Asset Class Level 2,7,,59,1
30,3,Asset Class Level 2,9,,60,1
31,3,Asset Class Level 2,11,,61,1
32,4,Mananger,12,,2,1
33,4,Mananger,12,,3,1
34,4,Mananger,12,,4,1
35,4,Mananger,13,,5,1
36,4,Mananger,14,,6,1
37,4,Mananger,14,,7,1
38,4,Mananger,14,,8,1
39,4,Mananger,14,,9,1
40,4,Mananger,15,,10,1
41,4,Mananger,16,,11,1
42,4,Mananger,17,,12,1
43,4,Mananger,17,,13,1
44,4,Mananger,18,,14,1
45,4,Mananger,18,,15,1
46,4,Mananger,19,,16,1
47,4,Mananger,19,,17,1
48,4,Mananger,20,,18,1
49,4,Mananger,20,,19,1
50,4,Mananger,21,,20,1
51,4,Mananger,21,,21,1
52,4,Mananger,22,,22,1
53,4,Mananger,22,,23,1
54,4,Mananger,23,,24,1
55,4,Mananger,23,,25,1
56,4,Mananger,23,,26,1
57,4,Mananger,24,,27,1
58,4,Mananger,25,,28,1
59,4,Mananger,25,,29,1
60,4,Mananger,26,,30,1
61,4,Mananger,26,,31,1
62,4,Mananger,26,,32,1
63,4,Mananger,26,,33,1
64,4,Mananger,27,,34,1
65,4,Mananger,28,,35,1
66,4,Mananger,29,,36,1
67,4,Mananger,30,,37,1
68,4,Mananger,30,,38,1
69,4,Mananger,31,,39,1
70,4,Mananger,31,,40,1
71,4,Mananger,31,,41,1
72,1,Strategy,,,72,1
73,1,Strategy,,,73,1
74,1,Strategy,,,74,1
