id,entity_id,metric_id,value,date_key,,,,,,32,3,Mananger,12,,2,1
1,32,1,38027110.16,6/30/2017,,,,,,33,3,Mananger,12,,3,1
2,33,1,495548.4118,6/30/2017,,,,,,34,3,Mananger,12,,4,1
3,34,1,1187329534,6/30/2017,,,,,,35,3,Mananger,13,,5,1
4,35,1,34092817.05,6/30/2017,,,,,,36,3,Mananger,14,,6,1
5,36,1,367654.9107,6/30/2017,,,,,,37,3,Mananger,14,,7,1
6,37,1,10.92981494,6/30/2017,,,,,,38,3,Mananger,14,,8,1
7,38,1,59526075.05,6/30/2017,,,,,,39,3,Mananger,14,,9,1
8,39,1,843028.9372,6/30/2017,,,,,,40,3,Mananger,15,,10,1
9,40,1,2710360.841,6/30/2017,,,,,,41,3,Mananger,16,,11,1
10,41,1,983443121.5,6/30/2017,,,,,,42,3,Mananger,17,,12,1
11,42,1,2438331694,6/30/2017,,,,,,43,3,Mananger,17,,13,1
12,43,1,952715049.5,6/30/2017,,,,,,44,3,Mananger,18,,14,1
13,44,1,129463683.4,6/30/2017,,,,,,45,3,Mananger,18,,15,1
14,45,1,180121051.2,6/30/2017,,,,,,46,3,Mananger,19,,16,1
15,46,1,476161781.1,6/30/2017,,,,,,47,3,Mananger,19,,17,1
16,47,1,1682479147,6/30/2017,,,,,,48,3,Mananger,20,,18,1
17,48,1,7800445970,6/30/2017,,,,,,49,3,Mananger,20,,19,1
18,49,1,20176222003,6/30/2017,,,,,,50,3,Mananger,21,,20,1
19,50,1,46.18886252,6/30/2017,,,,,,51,3,Mananger,21,,21,1
20,51,1,42.30076755,6/30/2017,,,,,,52,3,Mananger,22,,22,1
21,52,1,734246522.1,6/30/2017,,,,,,53,3,Mananger,22,,23,1
22,53,1,16524457774,6/30/2017,,,,,,54,3,Mananger,23,,24,1
23,54,1,129119901.8,6/30/2017,,,,,,55,3,Mananger,23,,25,1
24,55,1,42599125889,6/30/2017,,,,,,56,3,Mananger,23,,26,1
25,56,1,43765682.2,6/30/2017,,,,,,57,3,Mananger,24,,27,1
26,57,1,3508141554,6/30/2017,,,,,,58,3,Mananger,25,,28,1
27,58,1,160532975.8,6/30/2017,,,,,,59,3,Mananger,25,,29,1
28,59,1,452818797.4,6/30/2017,,,,,,60,3,Mananger,26,,30,1
29,60,1,142460270.3,6/30/2017,,,,,,61,3,Mananger,26,,31,1
30,61,1,4817639594,6/30/2017,,,,,,62,3,Mananger,26,,32,1
31,62,1,4666601.939,6/30/2017,,,,,,63,3,Mananger,26,,33,1
32,63,1,1095.328255,6/30/2017,,,,,,64,3,Mananger,27,,34,1
33,64,1,854828800.5,6/30/2017,,,,,,65,3,Mananger,28,,35,1
34,65,1,2163945675,6/30/2017,,,,,,66,3,Mananger,29,,36,1
35,66,1,3405333636,6/30/2017,,,,,,67,3,Mananger,30,,37,1
36,67,1,4860517864,6/30/2017,,,,,,68,3,Mananger,30,,38,1
37,68,1,259078524.5,6/30/2017,,,,,,69,3,Mananger,31,,39,1
38,69,1,1527598434,6/30/2017,,,,,,70,3,Mananger,31,,40,1
39,70,1,173548370.1,6/30/2017,,,,,,71,3,Mananger,31,,41,1
40,71,1,24719698002,6/30/2017,,,,,,,,,,,,
41,32,2,-0.178992578,6/30/2017,,,,,,,,,,,,
42,33,2,0.417742842,6/30/2017,,,,,,,,,,,,
43,34,2,-0.40480194,6/30/2017,,,,,,,,,,,,
44,35,2,0.09217122,6/30/2017,,,,,,,,,,,,
45,36,2,-0.46729407,6/30/2017,,,,,,,,,,,,
46,37,2,-0.294112553,6/30/2017,,,,,,,,,,,,
47,38,2,0.259423865,6/30/2017,,,,,,,,,,,,
48,39,2,-0.389844667,6/30/2017,,,,,,,,,,,,
49,40,2,0.264498544,6/30/2017,,,,,,,,,,,,
50,41,2,-0.327887018,6/30/2017,,,,,,,,,,,,
51,42,2,0.068225517,6/30/2017,,,,,,,,,,,,
52,43,2,-0.085526005,6/30/2017,,,,,,,,,,,,
53,44,2,0.087635836,6/30/2017,,,,,,,,,,,,
54,45,2,0.133553557,6/30/2017,,,,,,,,,,,,
55,46,2,-0.177160405,6/30/2017,,,,,,,,,,,,
56,47,2,-0.064695633,6/30/2017,,,,,,,,,,,,
57,48,2,0.221564387,6/30/2017,,,,,,,,,,,,
58,49,2,0.140528452,6/30/2017,,,,,,,,,,,,
59,50,2,-0.106074499,6/30/2017,,,,,,,,,,,,
60,51,2,-0.179913222,6/30/2017,,,,,,,,,,,,
61,52,2,0.326392431,6/30/2017,,,,,,,,,,,,
62,53,2,0.459505686,6/30/2017,,,,,,,,,,,,
63,54,2,-0.074923967,6/30/2017,,,,,,,,,,,,
64,55,2,0.387108086,6/30/2017,,,,,,,,,,,,
65,56,2,-0.21009718,6/30/2017,,,,,,,,,,,,
66,57,2,-0.199135012,6/30/2017,,,,,,,,,,,,
67,58,2,0.376507206,6/30/2017,,,,,,,,,,,,
68,59,2,0.284861017,6/30/2017,,,,,,,,,,,,
69,60,2,0.186402944,6/30/2017,,,,,,,,,,,,
70,61,2,-0.018541641,6/30/2017,,,,,,,,,,,,
71,62,2,-0.015704113,6/30/2017,,,,,,,,,,,,
72,63,2,0.379106365,6/30/2017,,,,,,,,,,,,
73,64,2,-0.138427475,6/30/2017,,,,,,,,,,,,
74,65,2,0.078945369,6/30/2017,,,,,,,,,,,,
75,66,2,0.033440833,6/30/2017,,,,,,,,,,,,
76,67,2,0.375448432,6/30/2017,,,,,,,,,,,,
77,68,2,-0.305858611,6/30/2017,,,,,,,,,,,,
78,69,2,0.302262737,6/30/2017,,,,,,,,,,,,
79,70,2,0.086280897,6/30/2017,,,,,,,,,,,,
80,71,2,0.148711447,6/30/2017,,,,,,,,,,,,
81,32,3,-0.150353766,6/30/2017,,,,,,,,,,,,
82,33,3,0.334194274,6/30/2017,,,,,,,,,,,,
83,34,3,-0.33598561,6/30/2017,,,,,,,,,,,,
84,35,3,0.071893552,6/30/2017,,,,,,,,,,,,
85,36,3,-0.355143493,6/30/2017,,,,,,,,,,,,
86,37,3,-0.229407791,6/30/2017,,,,,,,,,,,,
87,38,3,0.21013333,6/30/2017,,,,,,,,,,,,
88,39,3,-0.358657094,6/30/2017,,,,,,,,,,,,
89,40,3,0.20895385,6/30/2017,,,,,,,,,,,,
90,41,3,-0.275425095,6/30/2017,,,,,,,,,,,,
91,42,3,0.060038455,6/30/2017,,,,,,,,,,,,
92,43,3,-0.077828665,6/30/2017,,,,,,,,,,,,
93,44,3,0.082377686,6/30/2017,,,,,,,,,,,,
94,45,3,0.102836239,6/30/2017,,,,,,,,,,,,
95,46,3,-0.159444364,6/30/2017,,,,,,,,,,,,
96,47,3,-0.059519983,6/30/2017,,,,,,,,,,,,
97,48,3,0.197192305,6/30/2017,,,,,,,,,,,,
98,49,3,0.111017477,6/30/2017,,,,,,,,,,,,
99,50,3,-0.094406304,6/30/2017,,,,,,,,,,,,
100,51,3,-0.138533181,6/30/2017,,,,,,,,,,,,
101,52,3,0.267641794,6/30/2017,,,,,,,,,,,,
102,53,3,0.376794663,6/30/2017,,,,,,,,,,,,
103,54,3,-0.056942215,6/30/2017,,,,,,,,,,,,
104,55,3,0.321299711,6/30/2017,,,,,,,,,,,,
105,56,3,-0.17438066,6/30/2017,,,,,,,,,,,,
106,57,3,-0.153333959,6/30/2017,,,,,,,,,,,,
107,58,3,0.353916774,6/30/2017,,,,,,,,,,,,
108,59,3,0.227888813,6/30/2017,,,,,,,,,,,,
109,60,3,0.173354737,6/30/2017,,,,,,,,,,,,
110,61,3,-0.016687477,6/30/2017,,,,,,,,,,,,
111,62,3,-0.014761866,6/30/2017,,,,,,,,,,,,
112,63,3,0.360151047,6/30/2017,,,,,,,,,,,,
113,64,3,-0.117663354,6/30/2017,,,,,,,,,,,,
114,65,3,0.062366841,6/30/2017,,,,,,,,,,,,
115,66,3,0.031434383,6/30/2017,,,,,,,,,,,,
116,67,3,0.337903589,6/30/2017,,,,,,,,,,,,
117,68,3,-0.244686889,6/30/2017,,,,,,,,,,,,
118,69,3,0.235764935,6/30/2017,,,,,,,,,,,,
119,70,3,0.069887527,6/30/2017,,,,,,,,,,,,
120,71,3,0.129378959,6/30/2017,,,,,,,,,,,,
121,32,4,-0.028638813,6/30/2017,,,,,,,,,,,,
122,33,4,0.083548568,6/30/2017,,,,,,,,,,,,
123,34,4,-0.06881633,6/30/2017,,,,,,,,,,,,
124,35,4,0.020277668,6/30/2017,,,,,,,,,,,,
125,36,4,-0.112150577,6/30/2017,,,,,,,,,,,,
126,37,4,-0.064704762,6/30/2017,,,,,,,,,,,,
127,38,4,0.049290534,6/30/2017,,,,,,,,,,,,
128,39,4,-0.031187573,6/30/2017,,,,,,,,,,,,
129,40,4,0.055544694,6/30/2017,,,,,,,,,,,,
130,41,4,-0.052461923,6/30/2017,,,,,,,,,,,,
131,42,4,0.008187062,6/30/2017,,,,,,,,,,,,
132,43,4,-0.00769734,6/30/2017,,,,,,,,,,,,
133,44,4,0.00525815,6/30/2017,,,,,,,,,,,,
134,45,4,0.030717318,6/30/2017,,,,,,,,,,,,
135,46,4,-0.01771604,6/30/2017,,,,,,,,,,,,
136,47,4,-0.005175651,6/30/2017,,,,,,,,,,,,
137,48,4,0.024372083,6/30/2017,,,,,,,,,,,,
138,49,4,0.029510975,6/30/2017,,,,,,,,,,,,
139,50,4,-0.011668195,6/30/2017,,,,,,,,,,,,
140,51,4,-0.041380041,6/30/2017,,,,,,,,,,,,
141,52,4,0.058750638,6/30/2017,,,,,,,,,,,,
142,53,4,0.082711023,6/30/2017,,,,,,,,,,,,
143,54,4,-0.017981752,6/30/2017,,,,,,,,,,,,
144,55,4,0.065808375,6/30/2017,,,,,,,,,,,,
145,56,4,-0.035716521,6/30/2017,,,,,,,,,,,,
146,57,4,-0.045801053,6/30/2017,,,,,,,,,,,,
147,58,4,0.022590432,6/30/2017,,,,,,,,,,,,
148,59,4,0.056972203,6/30/2017,,,,,,,,,,,,
149,60,4,0.013048206,6/30/2017,,,,,,,,,,,,
150,61,4,-0.001854164,6/30/2017,,,,,,,,,,,,
151,62,4,-0.000942247,6/30/2017,,,,,,,,,,,,
152,63,4,0.018955318,6/30/2017,,,,,,,,,,,,
153,64,4,-0.020764121,6/30/2017,,,,,,,,,,,,
154,65,4,0.016578527,6/30/2017,,,,,,,,,,,,
155,66,4,0.00200645,6/30/2017,,,,,,,,,,,,
156,67,4,0.037544843,6/30/2017,,,,,,,,,,,,
157,68,4,-0.061171722,6/30/2017,,,,,,,,,,,,
158,69,4,0.066497802,6/30/2017,,,,,,,,,,,,
159,70,4,0.01639337,6/30/2017,,,,,,,,,,,,
160,71,4,0.019332488,6/30/2017,,,,,,,,,,,,
161,32,5,0.009102537,6/30/2017,,,,,,,,,,,,
162,33,5,0.014451503,6/30/2017,,,,,,,,,,,,
163,34,5,0.196867998,6/30/2017,,,,,,,,,,,,
164,35,5,0.150468196,6/30/2017,,,,,,,,,,,,
165,36,5,0.069468289,6/30/2017,,,,,,,,,,,,
166,37,5,0.144138562,6/30/2017,,,,,,,,,,,,
167,38,5,-0.394323647,6/30/2017,,,,,,,,,,,,
168,39,5,-0.024685843,6/30/2017,,,,,,,,,,,,
169,40,5,-0.175545524,6/30/2017,,,,,,,,,,,,
170,41,5,-0.237751118,6/30/2017,,,,,,,,,,,,
171,42,5,-0.282295467,6/30/2017,,,,,,,,,,,,
172,43,5,-0.0744713,6/30/2017,,,,,,,,,,,,
173,44,5,-0.243721708,6/30/2017,,,,,,,,,,,,
174,45,5,-0.074956636,6/30/2017,,,,,,,,,,,,
175,46,5,0.107301355,6/30/2017,,,,,,,,,,,,
176,47,5,-0.225699065,6/30/2017,,,,,,,,,,,,
177,48,5,-0.29939188,6/30/2017,,,,,,,,,,,,
178,49,5,-0.100417582,6/30/2017,,,,,,,,,,,,
179,50,5,-0.138089406,6/30/2017,,,,,,,,,,,,
180,51,5,0.184012851,6/30/2017,,,,,,,,,,,,
181,52,5,0.009128943,6/30/2017,,,,,,,,,,,,
182,53,5,0.129338449,6/30/2017,,,,,,,,,,,,
183,54,5,0.00357173,6/30/2017,,,,,,,,,,,,
184,55,5,0.293910827,6/30/2017,,,,,,,,,,,,
185,56,5,0.037342667,6/30/2017,,,,,,,,,,,,
186,57,5,0.471493327,6/30/2017,,,,,,,,,,,,
187,58,5,0.333917972,6/30/2017,,,,,,,,,,,,
188,59,5,0.373190922,6/30/2017,,,,,,,,,,,,
189,60,5,0.00081536,6/30/2017,,,,,,,,,,,,
190,61,5,-0.128044459,6/30/2017,,,,,,,,,,,,
191,62,5,-0.101743055,6/30/2017,,,,,,,,,,,,
192,63,5,0.027947157,6/30/2017,,,,,,,,,,,,
193,64,5,0.35322111,6/30/2017,,,,,,,,,,,,
194,65,5,0.025402175,6/30/2017,,,,,,,,,,,,
195,66,5,0.066822543,6/30/2017,,,,,,,,,,,,
196,67,5,0.396133312,6/30/2017,,,,,,,,,,,,
197,68,5,0.08237215,6/30/2017,,,,,,,,,,,,
198,69,5,-0.275592798,6/30/2017,,,,,,,,,,,,
199,70,5,0.176830788,6/30/2017,,,,,,,,,,,,
200,71,5,0.08557426,6/30/2017,,,,,,,,,,,,
201,32,6,0.007191004,6/30/2017,,,,,,,,,,,,
202,33,6,0.155875998,6/30/2017,,,,,,,,,,,,
203,34,6,0.185055918,6/30/2017,,,,,,,,,,,,
204,35,6,0.091836934,6/30/2017,,,,,,,,,,,,
205,36,6,0.053490583,6/30/2017,,,,,,,,,,,,
206,37,6,0.010005621,6/30/2017,,,,,,,,,,,,
207,38,6,-0.350948046,6/30/2017,,,,,,,,,,,,
208,39,6,-0.018761241,6/30/2017,,,,,,,,,,,,
209,40,6,-0.161501882,6/30/2017,,,,,,,,,,,,
210,41,6,-0.199710939,6/30/2017,,,,,,,,,,,,
211,42,6,-0.262534785,6/30/2017,,,,,,,,,,,,
212,43,6,-0.05957704,6/30/2017,,,,,,,,,,,,
213,44,6,-0.221786754,6/30/2017,,,,,,,,,,,,
214,45,6,-0.05771661,6/30/2017,,,,,,,,,,,,
215,46,6,0.098717246,6/30/2017,,,,,,,,,,,,
216,47,6,-0.198615177,6/30/2017,,,,,,,,,,,,
217,48,6,-0.22454391,6/30/2017,,,,,,,,,,,,
218,49,6,-0.090375824,6/30/2017,,,,,,,,,,,,
219,50,6,-0.117375995,6/30/2017,,,,,,,,,,,,
220,51,6,0.17535098,6/30/2017,,,,,,,,,,,,
221,52,6,0.007029286,6/30/2017,,,,,,,,,,,,
222,53,6,0.109937681,6/30/2017,,,,,,,,,,,,
223,54,6,0.003214557,6/30/2017,,,,,,,,,,,,
224,55,6,0.229250445,6/30/2017,,,,,,,,,,,,
225,56,6,0.028380427,6/30/2017,,,,,,,,,,,,
226,57,6,0.414914128,6/30/2017,,,,,,,,,,,,
227,58,6,0.277151917,6/30/2017,,,,,,,,,,,,
228,59,6,0.28735701,6/30/2017,,,,,,,,,,,,
229,60,6,0.000652288,6/30/2017,,,,,,,,,,,,
230,61,6,-0.112679124,6/30/2017,,,,,,,,,,,,
231,62,6,-0.09360361,6/30/2017,,,,,,,,,,,,
232,63,6,0.022916669,6/30/2017,,,,,,,,,,,,
233,64,6,0.310834577,6/30/2017,,,,,,,,,,,,
234,65,6,0.021591849,6/30/2017,,,,,,,,,,,,
235,66,6,0.060808514,6/30/2017,,,,,,,,,,,,
236,67,6,0.320867982,6/30/2017,,,,,,,,,,,,
237,68,6,0.064250277,6/30/2017,,,,,,,,,,,,
238,69,6,-0.242521662,6/30/2017,,,,,,,,,,,,
239,70,6,0.150306169,6/30/2017,,,,,,,,,,,,
240,71,6,0.077872577,6/30/2017,,,,,,,,,,,,
241,32,7,0.001911533,6/30/2017,,,,,,,,,,,,
242,33,7,0.153229187,6/30/2017,,,,,,,,,,,,
243,34,7,0.01181208,6/30/2017,,,,,,,,,,,,
244,35,7,0.071267885,6/30/2017,,,,,,,,,,,,
245,36,7,0.015977707,6/30/2017,,,,,,,,,,,,
246,37,7,0.086107573,6/30/2017,,,,,,,,,,,,
247,38,7,-0.043375601,6/30/2017,,,,,,,,,,,,
248,39,7,-0.005924602,6/30/2017,,,,,,,,,,,,
249,40,7,-0.014043642,6/30/2017,,,,,,,,,,,,
250,41,7,-0.038040179,6/30/2017,,,,,,,,,,,,
251,42,7,-0.019760683,6/30/2017,,,,,,,,,,,,
252,43,7,-0.01489426,6/30/2017,,,,,,,,,,,,
253,44,7,-0.021934954,6/30/2017,,,,,,,,,,,,
254,45,7,-0.017240026,6/30/2017,,,,,,,,,,,,
255,46,7,0.008584108,6/30/2017,,,,,,,,,,,,
256,47,7,-0.027083888,6/30/2017,,,,,,,,,,,,
257,48,7,-0.07484797,6/30/2017,,,,,,,,,,,,
258,49,7,-0.010041758,6/30/2017,,,,,,,,,,,,
259,50,7,-0.020713411,6/30/2017,,,,,,,,,,,,
260,51,7,0.127902501,6/30/2017,,,,,,,,,,,,
261,52,7,0.002099657,6/30/2017,,,,,,,,,,,,
262,53,7,0.019400767,6/30/2017,,,,,,,,,,,,
263,54,7,0.000357173,6/30/2017,,,,,,,,,,,,
264,55,7,0.064660382,6/30/2017,,,,,,,,,,,,
265,56,7,0.00896224,6/30/2017,,,,,,,,,,,,
266,57,7,0.056579199,6/30/2017,,,,,,,,,,,,
267,58,7,0.056766055,6/30/2017,,,,,,,,,,,,
268,59,7,0.085833912,6/30/2017,,,,,,,,,,,,
269,60,7,0.000163072,6/30/2017,,,,,,,,,,,,
270,61,7,-0.015365335,6/30/2017,,,,,,,,,,,,
271,62,7,-0.008139444,6/30/2017,,,,,,,,,,,,
272,63,7,0.005030488,6/30/2017,,,,,,,,,,,,
273,64,7,0.042386533,6/30/2017,,,,,,,,,,,,
274,65,7,0.003810326,6/30/2017,,,,,,,,,,,,
275,66,7,0.006014029,6/30/2017,,,,,,,,,,,,
276,67,7,0.075265329,6/30/2017,,,,,,,,,,,,
277,68,7,0.018121873,6/30/2017,,,,,,,,,,,,
278,69,7,-0.033071136,6/30/2017,,,,,,,,,,,,
279,70,7,0.026524618,6/30/2017,,,,,,,,,,,,
280,71,7,0.007701683,6/30/2017,,,,,,,,,,,,
281,32,8,0.011203122,6/30/2017,,,,,,,,,,,,
282,33,8,0.050498733,6/30/2017,,,,,,,,,,,,
283,34,8,0.302873843,6/30/2017,,,,,,,,,,,,
284,35,8,0.049710029,6/30/2017,,,,,,,,,,,,
285,36,8,0.085499433,6/30/2017,,,,,,,,,,,,
286,37,8,0.002321031,6/30/2017,,,,,,,,,,,,
287,38,8,-0.576319176,6/30/2017,,,,,,,,,,,,
288,39,8,-0.032281487,6/30/2017,,,,,,,,,,,,
289,40,8,-0.243063033,6/30/2017,,,,,,,,,,,,
290,41,8,-0.29261676,6/30/2017,,,,,,,,,,,,
291,42,8,-0.325725539,6/30/2017,,,,,,,,,,,,
292,43,8,-0.097385546,6/30/2017,,,,,,,,,,,,
293,44,8,-0.318713003,6/30/2017,,,,,,,,,,,,
294,45,8,-0.109552007,6/30/2017,,,,,,,,,,,,
295,46,8,0.165079007,6/30/2017,,,,,,,,,,,,
296,47,8,-0.295144931,6/30/2017,,,,,,,,,,,,
297,48,8,-0.460602893,6/30/2017,,,,,,,,,,,,
298,49,8,-0.139039729,6/30/2017,,,,,,,,,,,,
299,50,8,-0.201822977,6/30/2017,,,,,,,,,,,,
300,51,8,0.137329276,6/30/2017,,,,,,,,,,,,
301,52,8,0.013342302,6/30/2017,,,,,,,,,,,,
302,53,8,0.169134894,6/30/2017,,,,,,,,,,,,
303,54,8,0.004945472,6/30/2017,,,,,,,,,,,,
304,55,8,0.339127877,6/30/2017,,,,,,,,,,,,
305,56,8,0.048832718,6/30/2017,,,,,,,,,,,,
306,57,8,0.652836915,6/30/2017,,,,,,,,,,,,
307,58,8,0.385289968,6/30/2017,,,,,,,,,,,,
308,59,8,0.43060491,6/30/2017,,,,,,,,,,,,
309,60,8,0.0009408,6/30/2017,,,,,,,,,,,,
310,61,8,-0.187141902,6/30/2017,,,,,,,,,,,,
311,62,8,-0.125222221,6/30/2017,,,,,,,,,,,,
312,63,8,0.036546282,6/30/2017,,,,,,,,,,,,
313,64,8,0.434733674,6/30/2017,,,,,,,,,,,,
314,65,8,0.031264215,6/30/2017,,,,,,,,,,,,
315,66,8,0.097663716,6/30/2017,,,,,,,,,,,,
316,67,8,0.548492278,6/30/2017,,,,,,,,,,,,
317,68,8,0.114053746,6/30/2017,,,,,,,,,,,,
318,69,8,-0.402789474,6/30/2017,,,,,,,,,,,,
319,70,8,0.217637892,6/30/2017,,,,,,,,,,,,
320,71,8,0.098739531,6/30/2017,,,,,,,,,,,,
321,32,9,0.009970778,6/30/2017,,,,,,,,,,,,
322,33,9,0.177534857,6/30/2017,,,,,,,,,,,,
323,34,9,0.25138529,6/30/2017,,,,,,,,,,,,
324,35,9,0.027764395,6/30/2017,,,,,,,,,,,,
325,36,9,0.079514473,6/30/2017,,,,,,,,,,,,
326,37,9,0.181968209,6/30/2017,,,,,,,,,,,,
327,38,9,-0.501397683,6/30/2017,,,,,,,,,,,,
328,39,9,-0.026470819,6/30/2017,,,,,,,,,,,,
329,40,9,-0.211464839,6/30/2017,,,,,,,,,,,,
330,41,9,-0.222388738,6/30/2017,,,,,,,,,,,,
331,42,9,-0.244294154,6/30/2017,,,,,,,,,,,,
332,43,9,-0.084725425,6/30/2017,,,,,,,,,,,,
333,44,9,-0.302777353,6/30/2017,,,,,,,,,,,,
334,45,9,-0.097501286,6/30/2017,,,,,,,,,,,,
335,46,9,0.156825057,6/30/2017,,,,,,,,,,,,
336,47,9,-0.250873191,6/30/2017,,,,,,,,,,,,
337,48,9,-0.38690643,6/30/2017,,,,,,,,,,,,
338,49,9,-0.119574167,6/30/2017,,,,,,,,,,,,
339,50,9,-0.17962245,6/30/2017,,,,,,,,,,,,
340,51,9,0.099994008,6/30/2017,,,,,,,,,,,,
341,52,9,0.011874648,6/30/2017,,,,,,,,,,,,
342,53,9,0.155604103,6/30/2017,,,,,,,,,,,,
343,54,9,0.004253106,6/30/2017,,,,,,,,,,,,
344,55,9,0.291649974,6/30/2017,,,,,,,,,,,,
345,56,9,0.043949446,6/30/2017,,,,,,,,,,,,
346,57,9,0.607138331,6/30/2017,,,,,,,,,,,,
347,58,9,0.36217257,6/30/2017,,,,,,,,,,,,
348,59,9,0.370320223,6/30/2017,,,,,,,,,,,,
349,60,9,0.000837312,6/30/2017,,,,,,,,,,,,
350,61,9,-0.174041969,6/30/2017,,,,,,,,,,,,
351,62,9,-0.098925555,6/30/2017,,,,,,,,,,,,
352,63,9,0.030698877,6/30/2017,,,,,,,,,,,,
353,64,9,0.408649653,6/30/2017,,,,,,,,,,,,
354,65,9,0.026574583,6/30/2017,,,,,,,,,,,,
355,66,9,0.076177699,6/30/2017,,,,,,,,,,,,
356,67,9,0.488158127,6/30/2017,,,,,,,,,,,,
357,68,9,0.086680847,6/30/2017,,,,,,,,,,,,
358,69,9,-0.322231579,6/30/2017,,,,,,,,,,,,
359,70,9,0.187168587,6/30/2017,,,,,,,,,,,,
360,71,9,0.092815159,6/30/2017,,,,,,,,,,,,
361,32,10,0.001232343,6/30/2017,,,,,,,,,,,,
362,33,10,0.022696103,6/30/2017,,,,,,,,,,,,
363,34,10,0.051488553,6/30/2017,,,,,,,,,,,,
364,35,10,0.003960397,6/30/2017,,,,,,,,,,,,
365,36,10,0.00598496,6/30/2017,,,,,,,,,,,,
366,37,10,0.155034816,6/30/2017,,,,,,,,,,,,
367,38,10,-0.074921493,6/30/2017,,,,,,,,,,,,
368,39,10,-0.005810668,6/30/2017,,,,,,,,,,,,
369,40,10,-0.031598194,6/30/2017,,,,,,,,,,,,
370,41,10,-0.070228022,6/30/2017,,,,,,,,,,,,
371,42,10,-0.081431385,6/30/2017,,,,,,,,,,,,
372,43,10,-0.012660121,6/30/2017,,,,,,,,,,,,
373,44,10,-0.01593565,6/30/2017,,,,,,,,,,,,
374,45,10,-0.012050721,6/30/2017,,,,,,,,,,,,
375,46,10,0.00825395,6/30/2017,,,,,,,,,,,,
376,47,10,-0.04427174,6/30/2017,,,,,,,,,,,,
377,48,10,-0.073696463,6/30/2017,,,,,,,,,,,,
378,49,10,-0.019465562,6/30/2017,,,,,,,,,,,,
379,50,10,-0.022200528,6/30/2017,,,,,,,,,,,,
380,51,10,0.157453621,6/30/2017,,,,,,,,,,,,
381,52,10,0.001467653,6/30/2017,,,,,,,,,,,,
382,53,10,0.013530792,6/30/2017,,,,,,,,,,,,
383,54,10,0.000692366,6/30/2017,,,,,,,,,,,,
384,55,10,0.047477903,6/30/2017,,,,,,,,,,,,
385,56,10,0.004883272,6/30/2017,,,,,,,,,,,,
386,57,10,0.045698584,6/30/2017,,,,,,,,,,,,
387,58,10,0.023117398,6/30/2017,,,,,,,,,,,,
388,59,10,0.060284687,6/30/2017,,,,,,,,,,,,
389,60,10,0.000103488,6/30/2017,,,,,,,,,,,,
390,61,10,-0.013099933,6/30/2017,,,,,,,,,,,,
391,62,10,-0.026296666,6/30/2017,,,,,,,,,,,,
392,63,10,0.005847405,6/30/2017,,,,,,,,,,,,
393,64,10,0.02608402,6/30/2017,,,,,,,,,,,,
394,65,10,0.004689632,6/30/2017,,,,,,,,,,,,
395,66,10,0.021486018,6/30/2017,,,,,,,,,,,,
396,67,10,0.060334151,6/30/2017,,,,,,,,,,,,
397,68,10,0.027372899,6/30/2017,,,,,,,,,,,,
398,69,10,-0.080557895,6/30/2017,,,,,,,,,,,,
399,70,10,0.030469305,6/30/2017,,,,,,,,,,,,
400,71,10,0.005924372,6/30/2017,,,,,,,,,,,,
401,32,11,0.08272409,6/30/2017,,,,,,,,,,,,
402,33,11,0.076103628,6/30/2017,,,,,,,,,,,,
403,34,11,0.051071248,6/30/2017,,,,,,,,,,,,
404,35,11,0.014953045,6/30/2017,,,,,,,,,,,,
405,36,11,0.067371369,6/30/2017,,,,,,,,,,,,
406,37,11,0.082255561,6/30/2017,,,,,,,,,,,,
407,38,11,0.280830079,6/30/2017,,,,,,,,,,,,
408,39,11,3.011347792,6/30/2017,,,,,,,,,,,,
409,40,11,6.252090399,6/30/2017,,,,,,,,,,,,
410,41,11,-0.090450448,6/30/2017,,,,,,,,,,,,
411,42,11,0.493561356,6/30/2017,,,,,,,,,,,,
412,43,11,0.013491429,6/30/2017,,,,,,,,,,,,
413,44,11,0.111476123,6/30/2017,,,,,,,,,,,,
414,45,11,0.028706106,6/30/2017,,,,,,,,,,,,
415,46,11,0.065707831,6/30/2017,,,,,,,,,,,,
416,47,11,0.615584124,6/30/2017,,,,,,,,,,,,
417,48,11,-0.534078869,6/30/2017,,,,,,,,,,,,
418,49,11,0.407730566,6/30/2017,,,,,,,,,,,,
419,50,11,0.034117743,6/30/2017,,,,,,,,,,,,
420,51,11,0.101863768,6/30/2017,,,,,,,,,,,,
421,52,11,0.543423387,6/30/2017,,,,,,,,,,,,
422,53,11,0.0150512,6/30/2017,,,,,,,,,,,,
423,54,11,0.038509101,6/30/2017,,,,,,,,,,,,
424,55,11,-0.007551906,6/30/2017,,,,,,,,,,,,
425,56,11,0.187285731,6/30/2017,,,,,,,,,,,,
426,57,11,0.01176284,6/30/2017,,,,,,,,,,,,
427,58,11,0.348937237,6/30/2017,,,,,,,,,,,,
428,59,11,0.10967907,6/30/2017,,,,,,,,,,,,
429,60,11,0.109243456,6/30/2017,,,,,,,,,,,,
430,61,11,-0.180703461,6/30/2017,,,,,,,,,,,,
431,62,11,0.090419613,6/30/2017,,,,,,,,,,,,
432,63,11,1.117701755,6/30/2017,,,,,,,,,,,,
433,64,11,0.323757798,6/30/2017,,,,,,,,,,,,
434,65,11,0.216535669,6/30/2017,,,,,,,,,,,,
435,66,11,0.339192803,6/30/2017,,,,,,,,,,,,
436,67,11,0.074755413,6/30/2017,,,,,,,,,,,,
437,68,11,0.132316869,6/30/2017,,,,,,,,,,,,
438,69,11,0.675939031,6/30/2017,,,,,,,,,,,,
439,70,11,0.035996055,6/30/2017,,,,,,,,,,,,
440,71,11,0.070980249,6/30/2017,,,,,,,,,,,,
441,32,12,0.01828766,6/30/2017,,,,,,,,,,,,
442,33,12,0.100684591,6/30/2017,,,,,,,,,,,,
443,34,12,0.012834419,6/30/2017,,,,,,,,,,,,
444,35,12,0.047545322,6/30/2017,,,,,,,,,,,,
445,36,12,0.048158552,6/30/2017,,,,,,,,,,,,
446,37,12,0.04291578,6/30/2017,,,,,,,,,,,,
447,38,12,-0.050493658,6/30/2017,,,,,,,,,,,,
448,39,12,-0.489429122,6/30/2017,,,,,,,,,,,,
449,40,12,-1.421831602,6/30/2017,,,,,,,,,,,,
450,41,12,-0.044914983,6/30/2017,,,,,,,,,,,,
451,42,12,-0.050309448,6/30/2017,,,,,,,,,,,,
452,43,12,0.043186948,6/30/2017,,,,,,,,,,,,
453,44,12,0.011975363,6/30/2017,,,,,,,,,,,,
454,45,12,-0.049837996,6/30/2017,,,,,,,,,,,,
455,46,12,0.116475175,6/30/2017,,,,,,,,,,,,
456,47,12,-0.055614219,6/30/2017,,,,,,,,,,,,
457,48,12,-0.050020884,6/30/2017,,,,,,,,,,,,
458,49,12,-0.050687025,6/30/2017,,,,,,,,,,,,
459,50,12,0.058632932,6/30/2017,,,,,,,,,,,,
460,51,12,0.004950005,6/30/2017,,,,,,,,,,,,
461,52,12,-0.053235485,6/30/2017,,,,,,,,,,,,
462,53,12,0.008286728,6/30/2017,,,,,,,,,,,,
463,54,12,0.050051827,6/30/2017,,,,,,,,,,,,
464,55,12,-0.001421046,6/30/2017,,,,,,,,,,,,
465,56,12,-0.016206399,6/30/2017,,,,,,,,,,,,
466,57,12,0.049483448,6/30/2017,,,,,,,,,,,,
467,58,12,-0.050020686,6/30/2017,,,,,,,,,,,,
468,59,12,-0.044175249,6/30/2017,,,,,,,,,,,,
469,60,12,-0.050020909,6/30/2017,,,,,,,,,,,,
470,61,12,-0.05002091,6/30/2017,,,,,,,,,,,,
471,62,12,0.100663016,6/30/2017,,,,,,,,,,,,
472,63,12,-0.050020908,6/30/2017,,,,,,,,,,,,
473,64,12,-0.018651986,6/30/2017,,,,,,,,,,,,
474,65,12,-0.016280109,6/30/2017,,,,,,,,,,,,
475,66,12,-0.024159942,6/30/2017,,,,,,,,,,,,
476,67,12,-0.009798204,6/30/2017,,,,,,,,,,,,
477,68,12,-0.01558446,6/30/2017,,,,,,,,,,,,
478,69,12,-0.033381724,6/30/2017,,,,,,,,,,,,
479,70,12,-0.015089406,6/30/2017,,,,,,,,,,,,
480,71,12,-0.025451427,6/30/2017,,,,,,,,,,,,
481,32,13,0.005586453,6/30/2017,,,,,,,,,,,,
482,33,13,0.007397234,6/30/2017,,,,,,,,,,,,
483,34,13,0.009036547,6/30/2017,,,,,,,,,,,,
484,35,13,0.004925199,6/30/2017,,,,,,,,,,,,
485,36,13,0.002553807,6/30/2017,,,,,,,,,,,,
486,37,13,-0.017694233,6/30/2017,,,,,,,,,,,,
487,38,13,-0.007961869,6/30/2017,,,,,,,,,,,,
488,39,13,0.003688832,6/30/2017,,,,,,,,,,,,
489,40,13,-0.00136203,6/30/2017,,,,,,,,,,,,
490,41,13,0.008654568,6/30/2017,,,,,,,,,,,,
491,42,13,-0.009023451,6/30/2017,,,,,,,,,,,,
492,43,13,0.002553807,6/30/2017,,,,,,,,,,,,
493,44,13,-0.008199064,6/30/2017,,,,,,,,,,,,
494,45,13,-0.007485296,6/30/2017,,,,,,,,,,,,
495,46,13,0.020941216,6/30/2017,,,,,,,,,,,,
496,47,13,0.004435559,6/30/2017,,,,,,,,,,,,
497,48,13,-0.012059644,6/30/2017,,,,,,,,,,,,
498,49,13,-0.006566932,6/30/2017,,,,,,,,,,,,
499,50,13,-0.008938324,6/30/2017,,,,,,,,,,,,
500,51,13,0.000532043,6/30/2017,,,,,,,,,,,,
501,52,13,0.019448222,6/30/2017,,,,,,,,,,,,
502,53,13,-0.001276903,6/30/2017,,,,,,,,,,,,
503,54,13,0.003405076,6/30/2017,,,,,,,,,,,,
504,55,13,-0.006668274,6/30/2017,,,,,,,,,,,,
505,56,13,-0.003134218,6/30/2017,,,,,,,,,,,,
506,57,13,-0.002894314,6/30/2017,,,,,,,,,,,,
507,58,13,-0.003304927,6/30/2017,,,,,,,,,,,,
508,59,13,0.008274334,6/30/2017,,,,,,,,,,,,
509,60,13,-0.000425634,6/30/2017,,,,,,,,,,,,
510,61,13,-8.81E-05,6/30/2017,,,,,,,,,,,,
511,62,13,0.010032813,6/30/2017,,,,,,,,,,,,
512,63,13,0.004596852,6/30/2017,,,,,,,,,,,,
513,64,13,0.006482741,6/30/2017,,,,,,,,,,,,
514,65,13,0.019792003,6/30/2017,,,,,,,,,,,,
515,66,13,-0.008542044,6/30/2017,,,,,,,,,,,,
516,67,13,-0.003283466,6/30/2017,,,,,,,,,,,,
517,68,13,0.001064086,6/30/2017,,,,,,,,,,,,
518,69,13,0.005675126,6/30/2017,,,,,,,,,,,,
519,70,13,-0.00826947,6/30/2017,,,,,,,,,,,,
520,71,13,-0.008882807,6/30/2017,,,,,,,,,,,,
521,32,14,-0.029042005,6/30/2017,,,,,,,,,,,,
522,33,14,-0.302969064,6/30/2017,,,,,,,,,,,,
523,34,14,-0.186037191,6/30/2017,,,,,,,,,,,,
524,35,14,0.417287755,6/30/2017,,,,,,,,,,,,
525,36,14,-0.245704582,6/30/2017,,,,,,,,,,,,
526,37,14,-0.284815452,6/30/2017,,,,,,,,,,,,
527,38,14,-0.140369691,6/30/2017,,,,,,,,,,,,
528,39,14,0.320914155,6/30/2017,,,,,,,,,,,,
529,40,14,-0.245976981,6/30/2017,,,,,,,,,,,,
530,41,14,0.077445347,6/30/2017,,,,,,,,,,,,
531,42,14,0.225659717,6/30/2017,,,,,,,,,,,,
532,43,14,-0.422492024,6/30/2017,,,,,,,,,,,,
533,44,14,-0.075509213,6/30/2017,,,,,,,,,,,,
534,45,14,-0.475428377,6/30/2017,,,,,,,,,,,,
535,46,14,917,6/30/2017,,,,,,,,,,,,
536,47,14,0.360766239,6/30/2017,,,,,,,,,,,,
537,48,14,-0.223731001,6/30/2017,,,,,,,,,,,,
538,49,14,0.713142566,6/30/2017,,,,,,,,,,,,
539,50,14,0.307630127,6/30/2017,,,,,,,,,,,,
540,51,14,-0.608268659,6/30/2017,,,,,,,,,,,,
541,52,14,0.015101843,6/30/2017,,,,,,,,,,,,
542,53,14,-0.807529082,6/30/2017,,,,,,,,,,,,
543,54,14,-0.005033948,6/30/2017,,,,,,,,,,,,
544,55,14,0.519125839,6/30/2017,,,,,,,,,,,,
545,56,14,-0.40715752,6/30/2017,,,,,,,,,,,,
546,57,14,-0.107870304,6/30/2017,,,,,,,,,,,,
547,58,14,0.503394753,6/30/2017,,,,,,,,,,,,
548,59,14,-0.681063489,6/30/2017,,,,,,,,,,,,
549,60,14,0.134238601,6/30/2017,,,,,,,,,,,,
550,61,14,0.346083892,6/30/2017,,,,,,,,,,,,
551,62,14,-0.393961111,6/30/2017,,,,,,,,,,,,
552,63,14,0.20225682,6/30/2017,,,,,,,,,,,,
553,64,14,0.154890693,6/30/2017,,,,,,,,,,,,
554,65,14,-0.257417771,6/30/2017,,,,,,,,,,,,
555,66,14,-0.046610625,6/30/2017,,,,,,,,,,,,
556,67,14,-0.032830093,6/30/2017,,,,,,,,,,,,
557,68,14,-0.23528233,6/30/2017,,,,,,,,,,,,
558,69,14,-0.484517449,6/30/2017,,,,,,,,,,,,
559,70,14,-0.323610912,6/30/2017,,,,,,,,,,,,
560,71,14,0.209747814,6/30/2017,,,,,,,,,,,,
561,32,15,-0.008747239,6/30/2017,,,,,,,,,,,,
562,33,15,0.090942367,6/30/2017,,,,,,,,,,,,
563,34,15,-0.029833843,6/30/2017,,,,,,,,,,,,
564,35,15,-0.063729883,6/30/2017,,,,,,,,,,,,
565,36,15,-0.038527611,6/30/2017,,,,,,,,,,,,
566,37,15,0.090942367,6/30/2017,,,,,,,,,,,,
567,38,15,0.055200378,6/30/2017,,,,,,,,,,,,
568,39,15,-0.020976921,6/30/2017,,,,,,,,,,,,
569,40,15,0.051820763,6/30/2017,,,,,,,,,,,,
570,41,15,0.042486589,6/30/2017,,,,,,,,,,,,
571,42,15,0.038624171,6/30/2017,,,,,,,,,,,,
572,43,15,-0.030255601,6/30/2017,,,,,,,,,,,,
573,44,15,0.037851688,6/30/2017,,,,,,,,,,,,
574,45,15,-0.058233366,6/30/2017,,,,,,,,,,,,
575,46,15,1029,6/30/2017,,,,,,,,,,,,
576,47,15,-0.00675923,6/30/2017,,,,,,,,,,,,
577,48,15,0.02703692,6/30/2017,,,,,,,,,,,,
578,49,15,-0.01351846,6/30/2017,,,,,,,,,,,,
579,50,15,0.028388766,6/30/2017,,,,,,,,,,,,
580,51,15,-0.005407384,6/30/2017,,,,,,,,,,,,
581,52,15,-0.02703692,6/30/2017,,,,,,,,,,,,
582,53,15,0.036800252,6/30/2017,,,,,,,,,,,,
583,54,15,0.049567687,6/30/2017,,,,,,,,,,,,
584,55,15,0.011928053,6/30/2017,,,,,,,,,,,,
585,56,15,-0.013067845,6/30/2017,,,,,,,,,,,,
586,57,15,0.075478068,6/30/2017,,,,,,,,,,,,
587,58,15,-0.082237298,6/30/2017,,,,,,,,,,,,
588,59,15,0.093400269,6/30/2017,,,,,,,,,,,,
589,60,15,-0.015849229,6/30/2017,,,,,,,,,,,,
590,61,15,-0.036868527,6/30/2017,,,,,,,,,,,,
591,62,15,0.049207194,6/30/2017,,,,,,,,,,,,
592,63,15,-0.058188154,6/30/2017,,,,,,,,,,,,
593,64,15,-0.102002926,6/30/2017,,,,,,,,,,,,
594,65,15,-0.057760693,6/30/2017,,,,,,,,,,,,
595,66,15,-0.077731145,6/30/2017,,,,,,,,,,,,
596,67,15,0.045812559,6/30/2017,,,,,,,,,,,,
597,68,15,-0.075317134,6/30/2017,,,,,,,,,,,,
598,69,15,-0.034151899,6/30/2017,,,,,,,,,,,,
599,70,15,0.028538971,6/30/2017,,,,,,,,,,,,
600,71,15,0.015208268,6/30/2017,,,,,,,,,,,,
601,32,16,11259.49344,6/30/2017,,,,,,,,,,,,
602,33,16,91.47504891,6/30/2017,,,,,,,,,,,,
603,34,16,3574.65725,6/30/2017,,,,,,,,,,,,
604,35,16,11903.80868,6/30/2017,,,,,,,,,,,,
605,36,16,15796.1915,6/30/2017,,,,,,,,,,,,
606,37,16,474.3272568,6/30/2017,,,,,,,,,,,,
607,38,16,904.6505344,6/30/2017,,,,,,,,,,,,
608,39,16,-40.22305653,6/30/2017,,,,,,,,,,,,
609,40,16,8202.657535,6/30/2017,,,,,,,,,,,,
610,41,16,5016.489925,6/30/2017,,,,,,,,,,,,
611,42,16,14587.86085,6/30/2017,,,,,,,,,,,,
612,43,16,6397.977653,6/30/2017,,,,,,,,,,,,
613,44,16,6266.106172,6/30/2017,,,,,,,,,,,,
614,45,16,91.16272301,6/30/2017,,,,,,,,,,,,
615,46,16,1695.970943,6/30/2017,,,,,,,,,,,,
616,47,16,2903.6985,6/30/2017,,,,,,,,,,,,
617,48,16,3299.544304,6/30/2017,,,,,,,,,,,,
618,49,16,5690.111909,6/30/2017,,,,,,,,,,,,
619,50,16,807.0656702,6/30/2017,,,,,,,,,,,,
620,51,16,10748.42413,6/30/2017,,,,,,,,,,,,
621,52,16,2328.118391,6/30/2017,,,,,,,,,,,,
622,53,16,2558.13563,6/30/2017,,,,,,,,,,,,
623,54,16,4943.613017,6/30/2017,,,,,,,,,,,,
624,55,16,2661.559739,6/30/2017,,,,,,,,,,,,
625,56,16,4080.820822,6/30/2017,,,,,,,,,,,,
626,57,16,6981.025382,6/30/2017,,,,,,,,,,,,
627,58,16,5944.866722,6/30/2017,,,,,,,,,,,,
628,59,16,7110.899579,6/30/2017,,,,,,,,,,,,
629,60,16,2529.499737,6/30/2017,,,,,,,,,,,,
630,61,16,14557.2145,6/30/2017,,,,,,,,,,,,
631,62,16,6763.280192,6/30/2017,,,,,,,,,,,,
632,63,16,986.580374,6/30/2017,,,,,,,,,,,,
633,64,16,17338.0686,6/30/2017,,,,,,,,,,,,
634,65,16,16494.90687,6/30/2017,,,,,,,,,,,,
635,66,16,2964.360612,6/30/2017,,,,,,,,,,,,
636,67,16,196.0859072,6/30/2017,,,,,,,,,,,,
637,68,16,2332.600354,6/30/2017,,,,,,,,,,,,
638,69,16,5418.415579,6/30/2017,,,,,,,,,,,,
639,70,16,6406.721084,6/30/2017,,,,,,,,,,,,
640,71,16,3759.181178,6/30/2017,,,,,,,,,,,,
641,32,17,0.02638086,6/30/2017,,,,,,,,,,,,
642,33,17,0.111485309,6/30/2017,,,,,,,,,,,,
643,34,17,0.000190071,6/30/2017,,,,,,,,,,,,
644,35,17,0.030115366,6/30/2017,,,,,,,,,,,,
645,36,17,0.002189147,6/30/2017,,,,,,,,,,,,
646,37,17,0.016888559,6/30/2017,,,,,,,,,,,,
647,38,17,0.000623543,6/30/2017,,,,,,,,,,,,
648,39,17,-2.029531948,6/30/2017,,,,,,,,,,,,
649,40,17,-0.018575036,6/30/2017,,,,,,,,,,,,
650,41,17,0.001596502,6/30/2017,,,,,,,,,,,,
651,42,17,0.003324632,6/30/2017,,,,,,,,,,,,
652,43,17,0.081714644,6/30/2017,,,,,,,,,,,,
653,44,17,0.02288632,6/30/2017,,,,,,,,,,,,
654,45,17,0.01424282,6/30/2017,,,,,,,,,,,,
655,46,17,0.099523526,6/30/2017,,,,,,,,,,,,
656,47,17,-0.009310712,6/30/2017,,,,,,,,,,,,
657,48,17,-0.000189165,6/30/2017,,,,,,,,,,,,
658,49,17,0.001348055,6/30/2017,,,,,,,,,,,,
659,50,17,0.016745237,6/30/2017,,,,,,,,,,,,
660,51,17,26.90104248,6/30/2017,,,,,,,,,,,,
661,52,17,-0.000772976,6/30/2017,,,,,,,,,,,,
662,53,17,7.60E-05,6/30/2017,,,,,,,,,,,,
663,54,17,0.001017564,6/30/2017,,,,,,,,,,,,
664,55,17,0.000682638,6/30/2017,,,,,,,,,,,,
665,56,17,-0.00855446,6/30/2017,,,,,,,,,,,,
666,57,17,0.001265019,6/30/2017,,,,,,,,,,,,
667,58,17,-0.005493559,6/30/2017,,,,,,,,,,,,
668,59,17,-0.005815683,6/30/2017,,,,,,,,,,,,
669,60,17,-0.005026859,6/30/2017,,,,,,,,,,,,
670,61,17,-0.003131154,6/30/2017,,,,,,,,,,,,
671,62,17,-2.59E-07,6/30/2017,,,,,,,,,,,,
672,63,17,0.002935955,6/30/2017,,,,,,,,,,,,
673,64,17,0.002869036,6/30/2017,,,,,,,,,,,,
674,65,17,-0.000385935,6/30/2017,,,,,,,,,,,,
675,66,17,-0.000644748,6/30/2017,,,,,,,,,,,,
676,67,17,0.002597011,6/30/2017,,,,,,,,,,,,
677,68,17,-0.000248714,6/30/2017,,,,,,,,,,,,
678,69,17,-0.028786237,6/30/2017,,,,,,,,,,,,
679,70,17,-0.002934562,6/30/2017,,,,,,,,,,,,
680,71,17,-0.000188522,6/30/2017,,,,,,,,,,,,
681,32,1,1490250281,5/31/2017,,,,,,,,,,,,
682,33,1,150676550.2,5/31/2017,,,,,,,,,,,,
683,34,1,171088233.2,5/31/2017,,,,,,,,,,,,
684,35,1,20586079.32,5/31/2017,,,,,,,,,,,,
685,36,1,134418.1931,5/31/2017,,,,,,,,,,,,
686,37,1,154974709,5/31/2017,,,,,,,,,,,,
687,38,1,619898836,5/31/2017,,,,,,,,,,,,
688,39,1,38078199.24,5/31/2017,,,,,,,,,,,,
689,40,1,22644101.13,5/31/2017,,,,,,,,,,,,
690,41,1,18734046840,5/31/2017,,,,,,,,,,,,
691,42,1,1999599801,5/31/2017,,,,,,,,,,,,
692,43,1,782.910674,5/31/2017,,,,,,,,,,,,
693,44,1,1246102739,5/31/2017,,,,,,,,,,,,
694,45,1,1231388620,5/31/2017,,,,,,,,,,,,
695,46,1,463251060,5/31/2017,,,,,,,,,,,,
696,47,1,3585977439,5/31/2017,,,,,,,,,,,,
697,48,1,8160843376,5/31/2017,,,,,,,,,,,,
698,49,1,5891981988,5/31/2017,,,,,,,,,,,,
699,50,1,781236.2962,5/31/2017,,,,,,,,,,,,
700,51,1,5.435604072,5/31/2017,,,,,,,,,,,,
701,52,1,4883629107,5/31/2017,,,,,,,,,,,,
702,53,1,118206836.4,5/31/2017,,,,,,,,,,,,
703,54,1,1198044992,5/31/2017,,,,,,,,,,,,
704,55,1,6360042054,5/31/2017,,,,,,,,,,,,
705,56,1,71571280.94,5/31/2017,,,,,,,,,,,,
706,57,1,2036381076,5/31/2017,,,,,,,,,,,,
707,58,1,1820274230,5/31/2017,,,,,,,,,,,,
708,59,1,765056413,5/31/2017,,,,,,,,,,,,
709,60,1,1020841203,5/31/2017,,,,,,,,,,,,
710,61,1,45751497.33,5/31/2017,,,,,,,,,,,,
711,62,1,506753516,5/31/2017,,,,,,,,,,,,
712,63,1,4926276.415,5/31/2017,,,,,,,,,,,,
713,64,1,677906934.1,5/31/2017,,,,,,,,,,,,
714,65,1,6278330251,5/31/2017,,,,,,,,,,,,
715,66,1,4868572800,5/31/2017,,,,,,,,,,,,
716,67,1,3800454973,5/31/2017,,,,,,,,,,,,
717,68,1,12603285190,5/31/2017,,,,,,,,,,,,
718,69,1,1564328012,5/31/2017,,,,,,,,,,,,
719,70,1,6787583540,5/31/2017,,,,,,,,,,,,
720,71,1,2802843233,5/31/2017,,,,,,,,,,,,
721,32,2,-0.086347403,5/31/2017,,,,,,,,,,,,
722,33,2,-0.209354273,5/31/2017,,,,,,,,,,,,
723,34,2,-0.130197789,5/31/2017,,,,,,,,,,,,
724,35,2,0.153763594,5/31/2017,,,,,,,,,,,,
725,36,2,-0.012779315,5/31/2017,,,,,,,,,,,,
726,37,2,0.212323621,5/31/2017,,,,,,,,,,,,
727,38,2,0.126375316,5/31/2017,,,,,,,,,,,,
728,39,2,-0.184726593,5/31/2017,,,,,,,,,,,,
729,40,2,0.081719806,5/31/2017,,,,,,,,,,,,
730,41,2,0.19062396,5/31/2017,,,,,,,,,,,,
731,42,2,-0.183734696,5/31/2017,,,,,,,,,,,,
732,43,2,-0.045988085,5/31/2017,,,,,,,,,,,,
733,44,2,-0.080154869,5/31/2017,,,,,,,,,,,,
734,45,2,-0.474435579,5/31/2017,,,,,,,,,,,,
735,46,2,0.040129277,5/31/2017,,,,,,,,,,,,
736,47,2,-0.444128047,5/31/2017,,,,,,,,,,,,
737,48,2,-0.124905047,5/31/2017,,,,,,,,,,,,
738,49,2,0.273985224,5/31/2017,,,,,,,,,,,,
739,50,2,-0.246273341,5/31/2017,,,,,,,,,,,,
740,51,2,-0.118327866,5/31/2017,,,,,,,,,,,,
741,52,2,0.068997456,5/31/2017,,,,,,,,,,,,
742,53,2,0.106863272,5/31/2017,,,,,,,,,,,,
743,54,2,-0.230840586,5/31/2017,,,,,,,,,,,,
744,55,2,0.461476598,5/31/2017,,,,,,,,,,,,
745,56,2,-0.180489026,5/31/2017,,,,,,,,,,,,
746,57,2,0.052112803,5/31/2017,,,,,,,,,,,,
747,58,2,0.000691422,5/31/2017,,,,,,,,,,,,
748,59,2,0.353595941,5/31/2017,,,,,,,,,,,,
749,60,2,-0.143694914,5/31/2017,,,,,,,,,,,,
750,61,2,0.186963248,5/31/2017,,,,,,,,,,,,
751,62,2,0.339585763,5/31/2017,,,,,,,,,,,,
752,63,2,0.21203848,5/31/2017,,,,,,,,,,,,
753,64,2,-0.141446695,5/31/2017,,,,,,,,,,,,
754,65,2,0.315382632,5/31/2017,,,,,,,,,,,,
755,66,2,0.218765023,5/31/2017,,,,,,,,,,,,
756,67,2,-0.363104578,5/31/2017,,,,,,,,,,,,
757,68,2,0.232097971,5/31/2017,,,,,,,,,,,,
758,69,2,-0.486106354,5/31/2017,,,,,,,,,,,,
759,70,2,-0.106107997,5/31/2017,,,,,,,,,,,,
760,71,2,-0.161819351,5/31/2017,,,,,,,,,,,,
761,32,3,-0.073395293,5/31/2017,,,,,,,,,,,,
762,33,3,-0.169576961,5/31/2017,,,,,,,,,,,,
763,34,3,-0.109366143,5/31/2017,,,,,,,,,,,,
764,35,3,0.138387234,5/31/2017,,,,,,,,,,,,
765,36,3,-0.009584486,5/31/2017,,,,,,,,,,,,
766,37,3,0.19751946,5/31/2017,,,,,,,,,,,,
767,38,3,0.104891512,5/31/2017,,,,,,,,,,,,
768,39,3,-0.160712136,5/31/2017,,,,,,,,,,,,
769,40,3,0.068644637,5/31/2017,,,,,,,,,,,,
770,41,3,0.150592928,5/31/2017,,,,,,,,,,,,
771,42,3,-0.174547961,5/31/2017,,,,,,,,,,,,
772,43,3,-0.040469515,5/31/2017,,,,,,,,,,,,
773,44,3,-0.06733009,5/31/2017,,,,,,,,,,,,
774,45,3,-0.403270242,5/31/2017,,,,,,,,,,,,
775,46,3,0.034511178,5/31/2017,,,,,,,,,,,,
776,47,3,-0.333096035,5/31/2017,,,,,,,,,,,,
777,48,3,-0.111165492,5/31/2017,,,,,,,,,,,,
778,49,3,0.249326554,5/31/2017,,,,,,,,,,,,
779,50,3,-0.187167739,5/31/2017,,,,,,,,,,,,
780,51,3,-0.089929178,5/31/2017,,,,,,,,,,,,
781,52,3,0.056577914,5/31/2017,,,,,,,,,,,,
782,53,3,0.081216087,5/31/2017,,,,,,,,,,,,
783,54,3,-0.216990151,5/31/2017,,,,,,,,,,,,
784,55,3,0.392255109,5/31/2017,,,,,,,,,,,,
785,56,3,-0.151610782,5/31/2017,,,,,,,,,,,,
786,57,3,0.045338139,5/31/2017,,,,,,,,,,,,
787,58,3,0.00052548,5/31/2017,,,,,,,,,,,,
788,59,3,0.325308266,5/31/2017,,,,,,,,,,,,
789,60,3,-0.113518982,5/31/2017,,,,,,,,,,,,
790,61,3,0.149570599,5/31/2017,,,,,,,,,,,,
791,62,3,0.288647898,5/31/2017,,,,,,,,,,,,
792,63,3,0.195075401,5/31/2017,,,,,,,,,,,,
793,64,3,-0.108913955,5/31/2017,,,,,,,,,,,,
794,65,3,0.27438289,5/31/2017,,,,,,,,,,,,
795,66,3,0.205639121,5/31/2017,,,,,,,,,,,,
796,67,3,-0.3013768,5/31/2017,,,,,,,,,,,,
797,68,3,0.208888174,5/31/2017,,,,,,,,,,,,
798,69,3,-0.418051464,5/31/2017,,,,,,,,,,,,
799,70,3,-0.082764237,5/31/2017,,,,,,,,,,,,
800,71,3,-0.139164642,5/31/2017,,,,,,,,,,,,
801,32,4,-0.012952111,5/31/2017,,,,,,,,,,,,
802,33,4,-0.039777312,5/31/2017,,,,,,,,,,,,
803,34,4,-0.020831646,5/31/2017,,,,,,,,,,,,
804,35,4,0.015376359,5/31/2017,,,,,,,,,,,,
805,36,4,-0.003194829,5/31/2017,,,,,,,,,,,,
806,37,4,0.375780396,5/31/2017,,,,,,,,,,,,
807,38,4,0.021483804,5/31/2017,,,,,,,,,,,,
808,39,4,-0.024014457,5/31/2017,,,,,,,,,,,,
809,40,4,0.013075169,5/31/2017,,,,,,,,,,,,
810,41,4,0.040031032,5/31/2017,,,,,,,,,,,,
811,42,4,-0.009186735,5/31/2017,,,,,,,,,,,,
812,43,4,-0.00551857,5/31/2017,,,,,,,,,,,,
813,44,4,-0.012824779,5/31/2017,,,,,,,,,,,,
814,45,4,-0.071165337,5/31/2017,,,,,,,,,,,,
815,46,4,0.005618099,5/31/2017,,,,,,,,,,,,
816,47,4,-0.111032012,5/31/2017,,,,,,,,,,,,
817,48,4,-0.013739555,5/31/2017,,,,,,,,,,,,
818,49,4,0.02465867,5/31/2017,,,,,,,,,,,,
819,50,4,-0.059105602,5/31/2017,,,,,,,,,,,,
820,51,4,-0.028398688,5/31/2017,,,,,,,,,,,,
821,52,4,0.012419542,5/31/2017,,,,,,,,,,,,
822,53,4,0.025647185,5/31/2017,,,,,,,,,,,,
823,54,4,-0.013850435,5/31/2017,,,,,,,,,,,,
824,55,4,0.06922149,5/31/2017,,,,,,,,,,,,
825,56,4,-0.028878244,5/31/2017,,,,,,,,,,,,
826,57,4,0.006774664,5/31/2017,,,,,,,,,,,,
827,58,4,0.000165941,5/31/2017,,,,,,,,,,,,
828,59,4,0.028287675,5/31/2017,,,,,,,,,,,,
829,60,4,-0.030175932,5/31/2017,,,,,,,,,,,,
830,61,4,0.03739265,5/31/2017,,,,,,,,,,,,
831,62,4,0.050937864,5/31/2017,,,,,,,,,,,,
832,63,4,0.016963078,5/31/2017,,,,,,,,,,,,
833,64,4,-0.03253274,5/31/2017,,,,,,,,,,,,
834,65,4,0.040999742,5/31/2017,,,,,,,,,,,,
835,66,4,0.013125901,5/31/2017,,,,,,,,,,,,
836,67,4,-0.061727778,5/31/2017,,,,,,,,,,,,
837,68,4,0.023209797,5/31/2017,,,,,,,,,,,,
838,69,4,-0.06805489,5/31/2017,,,,,,,,,,,,
839,70,4,-0.023343759,5/31/2017,,,,,,,,,,,,
840,71,4,-0.022654709,5/31/2017,,,,,,,,,,,,
841,32,5,0.070227392,5/31/2017,,,,,,,,,,,,
842,33,5,0.092507885,5/31/2017,,,,,,,,,,,,
843,34,5,0.178607253,5/31/2017,,,,,,,,,,,,
844,35,5,0.114521714,5/31/2017,,,,,,,,,,,,
845,36,5,0.259612432,5/31/2017,,,,,,,,,,,,
846,37,5,0.314561516,5/31/2017,,,,,,,,,,,,
847,38,5,0.056376363,5/31/2017,,,,,,,,,,,,
848,39,5,0.017764766,5/31/2017,,,,,,,,,,,,
849,40,5,-0.044732651,5/31/2017,,,,,,,,,,,,
850,41,5,0.074776253,5/31/2017,,,,,,,,,,,,
851,42,5,0.129727709,5/31/2017,,,,,,,,,,,,
852,43,5,-0.032536003,5/31/2017,,,,,,,,,,,,
853,44,5,-0.086007043,5/31/2017,,,,,,,,,,,,
854,45,5,0.499027309,5/31/2017,,,,,,,,,,,,
855,46,5,0.212896046,5/31/2017,,,,,,,,,,,,
856,47,5,0.047664398,5/31/2017,,,,,,,,,,,,
857,48,5,0.274018088,5/31/2017,,,,,,,,,,,,
858,49,5,0.111611703,5/31/2017,,,,,,,,,,,,
859,50,5,-0.12025658,5/31/2017,,,,,,,,,,,,
860,51,5,0.009608017,5/31/2017,,,,,,,,,,,,
861,52,5,0.00979404,5/31/2017,,,,,,,,,,,,
862,53,5,0.414317309,5/31/2017,,,,,,,,,,,,
863,54,5,0.198782105,5/31/2017,,,,,,,,,,,,
864,55,5,0.143127901,5/31/2017,,,,,,,,,,,,
865,56,5,0.409911515,5/31/2017,,,,,,,,,,,,
866,57,5,0.005342276,5/31/2017,,,,,,,,,,,,
867,58,5,0.060645737,5/31/2017,,,,,,,,,,,,
868,59,5,0.050962427,5/31/2017,,,,,,,,,,,,
869,60,5,0.46989685,5/31/2017,,,,,,,,,,,,
870,61,5,0.073322503,5/31/2017,,,,,,,,,,,,
871,62,5,0.01966428,5/31/2017,,,,,,,,,,,,
872,63,5,0.093263803,5/31/2017,,,,,,,,,,,,
873,64,5,0.464537935,5/31/2017,,,,,,,,,,,,
874,65,5,0.46657366,5/31/2017,,,,,,,,,,,,
875,66,5,0.438958683,5/31/2017,,,,,,,,,,,,
876,67,5,0.027900839,5/31/2017,,,,,,,,,,,,
877,68,5,0.041759092,5/31/2017,,,,,,,,,,,,
878,69,5,0.482591776,5/31/2017,,,,,,,,,,,,
879,70,5,0.34438667,5/31/2017,,,,,,,,,,,,
880,71,5,0.011189892,5/31/2017,,,,,,,,,,,,
881,32,6,0.064609201,5/31/2017,,,,,,,,,,,,
882,33,6,0.055965837,5/31/2017,,,,,,,,,,,,
883,34,6,0.157174382,5/31/2017,,,,,,,,,,,,
884,35,6,0.156151235,5/31/2017,,,,,,,,,,,,
885,36,6,0.215478319,5/31/2017,,,,,,,,,,,,
886,37,6,0.258929072,5/31/2017,,,,,,,,,,,,
887,38,6,0.050738727,5/31/2017,,,,,,,,,,,,
888,39,6,0.01669888,5/31/2017,,,,,,,,,,,,
889,40,6,-0.034891468,5/31/2017,,,,,,,,,,,,
890,41,6,0.061316527,5/31/2017,,,,,,,,,,,,
891,42,6,0.119349493,5/31/2017,,,,,,,,,,,,
892,43,6,-0.026028802,5/31/2017,,,,,,,,,,,,
893,44,6,-0.075686198,5/31/2017,,,,,,,,,,,,
894,45,6,0.384251028,5/31/2017,,,,,,,,,,,,
895,46,6,0.193735402,5/31/2017,,,,,,,,,,,,
896,47,6,0.043851246,5/31/2017,,,,,,,,,,,,
897,48,6,0.24935646,5/31/2017,,,,,,,,,,,,
898,49,6,0.092637714,5/31/2017,,,,,,,,,,,,
899,50,6,-0.09740783,5/31/2017,,,,,,,,,,,,
900,51,6,0.060228808,5/31/2017,,,,,,,,,,,,
901,52,6,0.008716695,5/31/2017,,,,,,,,,,,,
902,53,6,0.33559702,5/31/2017,,,,,,,,,,,,
903,54,6,0.155050042,5/31/2017,,,,,,,,,,,,
904,55,6,0.114502321,5/31/2017,,,,,,,,,,,,
905,56,6,0.373019479,5/31/2017,,,,,,,,,,,,
906,57,6,0.004487512,5/31/2017,,,,,,,,,,,,
907,58,6,0.050942419,5/31/2017,,,,,,,,,,,,
908,59,6,0.040769942,5/31/2017,,,,,,,,,,,,
909,60,6,0.422907165,5/31/2017,,,,,,,,,,,,
910,61,6,0.063057353,5/31/2017,,,,,,,,,,,,
911,62,6,0.01691128,5/31/2017,,,,,,,,,,,,
912,63,6,0.082072147,5/31/2017,,,,,,,,,,,,
913,64,6,0.441311038,5/31/2017,,,,,,,,,,,,
914,65,6,0.429247767,5/31/2017,,,,,,,,,,,,
915,66,6,0.390673227,5/31/2017,,,,,,,,,,,,
916,67,6,0.020925629,5/31/2017,,,,,,,,,,,,
917,68,6,0.036748001,5/31/2017,,,,,,,,,,,,
918,69,6,0.45363627,5/31/2017,,,,,,,,,,,,
919,70,6,0.261733869,5/31/2017,,,,,,,,,,,,
920,71,6,0.0102947,5/31/2017,,,,,,,,,,,,
921,32,7,0.005618191,5/31/2017,,,,,,,,,,,,
922,33,7,0.203309526,5/31/2017,,,,,,,,,,,,
923,34,7,0.02143287,5/31/2017,,,,,,,,,,,,
924,35,7,0.188285692,5/31/2017,,,,,,,,,,,,
925,36,7,0.044134113,5/31/2017,,,,,,,,,,,,
926,37,7,0.340455956,5/31/2017,,,,,,,,,,,,
927,38,7,0.005637636,5/31/2017,,,,,,,,,,,,
928,39,7,0.001065886,5/31/2017,,,,,,,,,,,,
929,40,7,-0.009841183,5/31/2017,,,,,,,,,,,,
930,41,7,0.013459725,5/31/2017,,,,,,,,,,,,
931,42,7,0.010378217,5/31/2017,,,,,,,,,,,,
932,43,7,-0.006507201,5/31/2017,,,,,,,,,,,,
933,44,7,-0.010320845,5/31/2017,,,,,,,,,,,,
934,45,7,0.114776281,5/31/2017,,,,,,,,,,,,
935,46,7,0.019160644,5/31/2017,,,,,,,,,,,,
936,47,7,0.003813152,5/31/2017,,,,,,,,,,,,
937,48,7,0.024661628,5/31/2017,,,,,,,,,,,,
938,49,7,0.01897399,5/31/2017,,,,,,,,,,,,
939,50,7,-0.02284875,5/31/2017,,,,,,,,,,,,
940,51,7,0.147730671,5/31/2017,,,,,,,,,,,,
941,52,7,0.001077344,5/31/2017,,,,,,,,,,,,
942,53,7,0.078720289,5/31/2017,,,,,,,,,,,,
943,54,7,0.043732063,5/31/2017,,,,,,,,,,,,
944,55,7,0.02862558,5/31/2017,,,,,,,,,,,,
945,56,7,0.036892036,5/31/2017,,,,,,,,,,,,
946,57,7,0.000854764,5/31/2017,,,,,,,,,,,,
947,58,7,0.009703318,5/31/2017,,,,,,,,,,,,
948,59,7,0.010192485,5/31/2017,,,,,,,,,,,,
949,60,7,0.046989685,5/31/2017,,,,,,,,,,,,
950,61,7,0.01026515,5/31/2017,,,,,,,,,,,,
951,62,7,0.002752999,5/31/2017,,,,,,,,,,,,
952,63,7,0.011191656,5/31/2017,,,,,,,,,,,,
953,64,7,0.023226897,5/31/2017,,,,,,,,,,,,
954,65,7,0.037325893,5/31/2017,,,,,,,,,,,,
955,66,7,0.048285455,5/31/2017,,,,,,,,,,,,
956,67,7,0.00697521,5/31/2017,,,,,,,,,,,,
957,68,7,0.005011091,5/31/2017,,,,,,,,,,,,
958,69,7,0.028955507,5/31/2017,,,,,,,,,,,,
959,70,7,0.082652801,5/31/2017,,,,,,,,,,,,
960,71,7,0.000895191,5/31/2017,,,,,,,,,,,,
961,32,8,0.097237928,5/31/2017,,,,,,,,,,,,
962,33,8,0.149886075,5/31/2017,,,,,,,,,,,,
963,34,8,0.274780389,5/31/2017,,,,,,,,,,,,
964,35,8,0.133123056,5/31/2017,,,,,,,,,,,,
965,36,8,0.319522994,5/31/2017,,,,,,,,,,,,
966,37,8,0.126186409,5/31/2017,,,,,,,,,,,,
967,38,8,0.086732866,5/31/2017,,,,,,,,,,,,
968,39,8,0.027330409,5/31/2017,,,,,,,,,,,,
969,40,8,-0.061937516,5/31/2017,,,,,,,,,,,,
970,41,8,0.086280291,5/31/2017,,,,,,,,,,,,
971,42,8,0.189602037,5/31/2017,,,,,,,,,,,,
972,43,8,-0.050055389,5/31/2017,,,,,,,,,,,,
973,44,8,-0.112470749,5/31/2017,,,,,,,,,,,,
974,45,8,0.652574174,5/31/2017,,,,,,,,,,,,
975,46,8,0.327532379,5/31/2017,,,,,,,,,,,,
976,47,8,0.054997383,5/31/2017,,,,,,,,,,,,
977,48,8,0.358331346,5/31/2017,,,,,,,,,,,,
978,49,8,0.128782735,5/31/2017,,,,,,,,,,,,
979,50,8,-0.185010123,5/31/2017,,,,,,,,,,,,
980,51,8,0.049704898,5/31/2017,,,,,,,,,,,,
981,52,8,0.01280759,5/31/2017,,,,,,,,,,,,
982,53,8,0.637411244,5/31/2017,,,,,,,,,,,,
983,54,8,0.305818624,5/31/2017,,,,,,,,,,,,
984,55,8,0.176157417,5/31/2017,,,,,,,,,,,,
985,56,8,0.472974825,5/31/2017,,,,,,,,,,,,
986,57,8,0.007807942,5/31/2017,,,,,,,,,,,,
987,58,8,0.079305964,5/31/2017,,,,,,,,,,,,
988,59,8,0.078403734,5/31/2017,,,,,,,,,,,,
989,60,8,0.542188673,5/31/2017,,,,,,,,,,,,
990,61,8,0.090243081,5/31/2017,,,,,,,,,,,,
991,62,8,0.02420219,5/31/2017,,,,,,,,,,,,
992,63,8,0.143482775,5/31/2017,,,,,,,,,,,,
993,64,8,0.607472685,5/31/2017,,,,,,,,,,,,
994,65,8,0.538354223,5/31/2017,,,,,,,,,,,,
995,66,8,0.641554998,5/31/2017,,,,,,,,,,,,
996,67,8,0.042924368,5/31/2017,,,,,,,,,,,,
997,68,8,0.054608044,5/31/2017,,,,,,,,,,,,
998,69,8,0.705326442,5/31/2017,,,,,,,,,,,,
999,70,8,0.397369234,5/31/2017,,,,,,,,,,,,
1000,71,8,0.017215218,5/31/2017,,,,,,,,,,,,
1001,32,9,0.074873205,5/31/2017,,,,,,,,,,,,
1002,33,9,0.036214982,5/31/2017,,,,,,,,,,,,
1003,34,9,0.261041369,5/31/2017,,,,,,,,,,,,
1004,35,9,0.036852332,5/31/2017,,,,,,,,,,,,
1005,36,9,0.271594545,5/31/2017,,,,,,,,,,,,
1006,37,9,0.068720824,5/31/2017,,,,,,,,,,,,
1007,38,9,0.077192251,5/31/2017,,,,,,,,,,,,
1008,39,9,0.025417281,5/31/2017,,,,,,,,,,,,
1009,40,9,-0.046453137,5/31/2017,,,,,,,,,,,,
1010,41,9,0.072475445,5/31/2017,,,,,,,,,,,,
1011,42,9,0.159265711,5/31/2017,,,,,,,,,,,,
1012,43,9,-0.03854265,5/31/2017,,,,,,,,,,,,
1013,44,9,-0.102348381,5/31/2017,,,,,,,,,,,,
1014,45,9,0.606893982,5/31/2017,,,,,,,,,,,,
1015,46,9,0.248924608,5/31/2017,,,,,,,,,,,,
1016,47,9,0.052247513,5/31/2017,,,,,,,,,,,,
1017,48,9,0.283081763,5/31/2017,,,,,,,,,,,,
1018,49,9,0.10173836,5/31/2017,,,,,,,,,,,,
1019,50,9,-0.16465901,5/31/2017,,,,,,,,,,,,
1020,51,9,0.082581967,5/31/2017,,,,,,,,,,,,
1021,52,9,0.010886452,5/31/2017,,,,,,,,,,,,
1022,53,9,0.516303108,5/31/2017,,,,,,,,,,,,
1023,54,9,0.290527693,5/31/2017,,,,,,,,,,,,
1024,55,9,0.165587972,5/31/2017,,,,,,,,,,,,
1025,56,9,0.387839357,5/31/2017,,,,,,,,,,,,
1026,57,9,0.006402513,5/31/2017,,,,,,,,,,,,
1027,58,9,0.072961487,5/31/2017,,,,,,,,,,,,
1028,59,9,0.064291062,5/31/2017,,,,,,,,,,,,
1029,60,9,0.504235466,5/31/2017,,,,,,,,,,,,
1030,61,9,0.080316342,5/31/2017,,,,,,,,,,,,
1031,62,9,0.022508037,5/31/2017,,,,,,,,,,,,
1032,63,9,0.111916564,5/31/2017,,,,,,,,,,,,
1033,64,9,0.485978148,5/31/2017,,,,,,,,,,,,
1034,65,9,0.419916294,5/31/2017,,,,,,,,,,,,
1035,66,9,0.564568398,5/31/2017,,,,,,,,,,,,
1036,67,9,0.038202687,5/31/2017,,,,,,,,,,,,
1037,68,9,0.050785481,5/31/2017,,,,,,,,,,,,
1038,69,9,0.655953591,5/31/2017,,,,,,,,,,,,
1039,70,9,0.309948003,5/31/2017,,,,,,,,,,,,
1040,71,9,0.016010152,5/31/2017,,,,,,,,,,,,
1041,32,10,0.022364723,5/31/2017,,,,,,,,,,,,
1042,33,10,0.132728998,5/31/2017,,,,,,,,,,,,
1043,34,10,0.013739019,5/31/2017,,,,,,,,,,,,
1044,35,10,0.158670589,5/31/2017,,,,,,,,,,,,
1045,36,10,0.047928449,5/31/2017,,,,,,,,,,,,
1046,37,10,0.005010321,5/31/2017,,,,,,,,,,,,
1047,38,10,0.009540615,5/31/2017,,,,,,,,,,,,
1048,39,10,0.001913129,5/31/2017,,,,,,,,,,,,
1049,40,10,-0.015484379,5/31/2017,,,,,,,,,,,,
1050,41,10,0.013804847,5/31/2017,,,,,,,,,,,,
1051,42,10,0.030336326,5/31/2017,,,,,,,,,,,,
1052,43,10,-0.011512739,5/31/2017,,,,,,,,,,,,
1053,44,10,-0.010122367,5/31/2017,,,,,,,,,,,,
1054,45,10,0.045680192,5/31/2017,,,,,,,,,,,,
1055,46,10,0.078607771,5/31/2017,,,,,,,,,,,,
1056,47,10,0.002749869,5/31/2017,,,,,,,,,,,,
1057,48,10,0.075249583,5/31/2017,,,,,,,,,,,,
1058,49,10,0.027044374,5/31/2017,,,,,,,,,,,,
1059,50,10,-0.020351114,5/31/2017,,,,,,,,,,,,
1060,51,10,0.084906889,5/31/2017,,,,,,,,,,,,
1061,52,10,0.001921139,5/31/2017,,,,,,,,,,,,
1062,53,10,0.121108136,5/31/2017,,,,,,,,,,,,
1063,54,10,0.015290931,5/31/2017,,,,,,,,,,,,
1064,55,10,0.010569445,5/31/2017,,,,,,,,,,,,
1065,56,10,0.085135469,5/31/2017,,,,,,,,,,,,
1066,57,10,0.00140543,5/31/2017,,,,,,,,,,,,
1067,58,10,0.006344477,5/31/2017,,,,,,,,,,,,
1068,59,10,0.014112672,5/31/2017,,,,,,,,,,,,
1069,60,10,0.037953207,5/31/2017,,,,,,,,,,,,
1070,61,10,0.009926739,5/31/2017,,,,,,,,,,,,
1071,62,10,0.001694153,5/31/2017,,,,,,,,,,,,
1072,63,10,0.03156621,5/31/2017,,,,,,,,,,,,
1073,64,10,0.121494537,5/31/2017,,,,,,,,,,,,
1074,65,10,0.118437929,5/31/2017,,,,,,,,,,,,
1075,66,10,0.0769866,5/31/2017,,,,,,,,,,,,
1076,67,10,0.00472168,5/31/2017,,,,,,,,,,,,
1077,68,10,0.003822563,5/31/2017,,,,,,,,,,,,
1078,69,10,0.049372851,5/31/2017,,,,,,,,,,,,
1079,70,10,0.087421232,5/31/2017,,,,,,,,,,,,
1080,71,10,0.001205065,5/31/2017,,,,,,,,,,,,
1081,32,11,0.05970514,5/31/2017,,,,,,,,,,,,
1082,33,11,0.041228756,5/31/2017,,,,,,,,,,,,
1083,34,11,0.120574857,5/31/2017,,,,,,,,,,,,
1084,35,11,0.103401883,5/31/2017,,,,,,,,,,,,
1085,36,11,0.079552577,5/31/2017,,,,,,,,,,,,
1086,37,11,0.36014879,5/31/2017,,,,,,,,,,,,
1087,38,11,0.417131407,5/31/2017,,,,,,,,,,,,
1088,39,11,6.734943046,5/31/2017,,,,,,,,,,,,
1089,40,11,3.268444125,5/31/2017,,,,,,,,,,,,
1090,41,11,-0.112982464,5/31/2017,,,,,,,,,,,,
1091,42,11,0.88272606,5/31/2017,,,,,,,,,,,,
1092,43,11,0.048270508,5/31/2017,,,,,,,,,,,,
1093,44,11,0.096482182,5/31/2017,,,,,,,,,,,,
1094,45,11,-0.245320052,5/31/2017,,,,,,,,,,,,
1095,46,11,0.103694671,5/31/2017,,,,,,,,,,,,
1096,47,11,0.276300744,5/31/2017,,,,,,,,,,,,
1097,48,11,0.537650385,5/31/2017,,,,,,,,,,,,
1098,49,11,0.229436701,5/31/2017,,,,,,,,,,,,
1099,50,11,0.455478597,5/31/2017,,,,,,,,,,,,
1100,51,11,0.068924745,5/31/2017,,,,,,,,,,,,
1101,52,11,0.448843785,5/31/2017,,,,,,,,,,,,
1102,53,11,0.005437776,5/31/2017,,,,,,,,,,,,
1103,54,11,0.120606784,5/31/2017,,,,,,,,,,,,
1104,55,11,-0.000436018,5/31/2017,,,,,,,,,,,,
1105,56,11,-0.028752024,5/31/2017,,,,,,,,,,,,
1106,57,11,0.02003379,5/31/2017,,,,,,,,,,,,
1107,58,11,0.103351349,5/31/2017,,,,,,,,,,,,
1108,59,11,-0.142360218,5/31/2017,,,,,,,,,,,,
1109,60,11,-0.4098434,5/31/2017,,,,,,,,,,,,
1110,61,11,1.031898205,5/31/2017,,,,,,,,,,,,
1111,62,11,0.103613219,5/31/2017,,,,,,,,,,,,
1112,63,11,-0.246098679,5/31/2017,,,,,,,,,,,,
1113,64,11,0.108485428,5/31/2017,,,,,,,,,,,,
1114,65,11,0.012169423,5/31/2017,,,,,,,,,,,,
1115,66,11,0.187417244,5/31/2017,,,,,,,,,,,,
1116,67,11,0.102296411,5/31/2017,,,,,,,,,,,,
1117,68,11,-0.051877068,5/31/2017,,,,,,,,,,,,
1118,69,11,0.460558846,5/31/2017,,,,,,,,,,,,
1119,70,11,0.018379651,5/31/2017,,,,,,,,,,,,
1120,71,11,0.074291035,5/31/2017,,,,,,,,,,,,
1121,32,12,0.1055813,5/31/2017,,,,,,,,,,,,
1122,33,12,0.011332781,5/31/2017,,,,,,,,,,,,
1123,34,12,0.024174313,5/31/2017,,,,,,,,,,,,
1124,35,12,0.075383081,5/31/2017,,,,,,,,,,,,
1125,36,12,0.004681839,5/31/2017,,,,,,,,,,,,
1126,37,12,0.265605047,5/31/2017,,,,,,,,,,,,
1127,38,12,-0.053103345,5/31/2017,,,,,,,,,,,,
1128,39,12,-0.398245257,5/31/2017,,,,,,,,,,,,
1129,40,12,-0.954667787,5/31/2017,,,,,,,,,,,,
1130,41,12,-0.05122082,5/31/2017,,,,,,,,,,,,
1131,42,12,-0.0512212,5/31/2017,,,,,,,,,,,,
1132,43,12,0.089649957,5/31/2017,,,,,,,,,,,,
1133,44,12,0.043041491,5/31/2017,,,,,,,,,,,,
1134,45,12,-0.052230152,5/31/2017,,,,,,,,,,,,
1135,46,12,0.077159409,5/31/2017,,,,,,,,,,,,
1136,47,12,-0.066425512,5/31/2017,,,,,,,,,,,,
1137,48,12,-0.052414794,5/31/2017,,,,,,,,,,,,
1138,49,12,-0.050248759,5/31/2017,,,,,,,,,,,,
1139,50,12,-0.057491446,5/31/2017,,,,,,,,,,,,
1140,51,12,0.108344537,5/31/2017,,,,,,,,,,,,
1141,52,12,-0.049329186,5/31/2017,,,,,,,,,,,,
1142,53,12,0.028071123,5/31/2017,,,,,,,,,,,,
1143,54,12,0.058847534,5/31/2017,,,,,,,,,,,,
1144,55,12,-0.000196932,5/31/2017,,,,,,,,,,,,
1145,56,12,-0.010457741,5/31/2017,,,,,,,,,,,,
1146,57,12,0.116268136,5/31/2017,,,,,,,,,,,,
1147,58,12,-0.052414582,5/31/2017,,,,,,,,,,,,
1148,59,12,-0.037675019,5/31/2017,,,,,,,,,,,,
1149,60,12,-0.052414817,5/31/2017,,,,,,,,,,,,
1150,61,12,-0.052414817,5/31/2017,,,,,,,,,,,,
1151,62,12,0.084562687,5/31/2017,,,,,,,,,,,,
1152,63,12,-0.052414816,5/31/2017,,,,,,,,,,,,
1153,64,12,-0.016456176,5/31/2017,,,,,,,,,,,,
1154,65,12,-0.015271792,5/31/2017,,,,,,,,,,,,
1155,66,12,-0.023587894,5/31/2017,,,,,,,,,,,,
1156,67,12,-0.012209973,5/31/2017,,,,,,,,,,,,
1157,68,12,-0.014910084,5/31/2017,,,,,,,,,,,,
1158,69,12,-0.03645678,5/31/2017,,,,,,,,,,,,
1159,70,12,-0.014280441,5/31/2017,,,,,,,,,,,,
1160,71,12,-0.021445671,5/31/2017,,,,,,,,,,,,
1161,32,13,0.008755909,5/31/2017,,,,,,,,,,,,
1162,33,13,-0.005107614,5/31/2017,,,,,,,,,,,,
1163,34,13,0.000851269,5/31/2017,,,,,,,,,,,,
1164,35,13,-0.011279314,5/31/2017,,,,,,,,,,,,
1165,36,13,0.001887596,5/31/2017,,,,,,,,,,,,
1166,37,13,0.296295873,5/31/2017,,,,,,,,,,,,
1167,38,13,0.009151141,5/31/2017,,,,,,,,,,,,
1168,39,13,0.004681979,5/31/2017,,,,,,,,,,,,
1169,40,13,-0.004767106,5/31/2017,,,,,,,,,,,,
1170,41,13,0.018858882,5/31/2017,,,,,,,,,,,,
1171,42,13,-0.00721728,5/31/2017,,,,,,,,,,,,
1172,43,13,0.007563197,5/31/2017,,,,,,,,,,,,
1173,44,13,0.007022969,5/31/2017,,,,,,,,,,,,
1174,45,13,0.011066496,5/31/2017,,,,,,,,,,,,
1175,46,13,0.017090861,5/31/2017,,,,,,,,,,,,
1176,47,13,-0.004742784,5/31/2017,,,,,,,,,,,,
1177,48,13,0.004667302,5/31/2017,,,,,,,,,,,,
1178,49,13,-0.0185151,5/31/2017,,,,,,,,,,,,
1179,50,13,-0.002775877,5/31/2017,,,,,,,,,,,,
1180,51,13,-0.005662789,5/31/2017,,,,,,,,,,,,
1181,52,13,-0.003405076,5/31/2017,,,,,,,,,,,,
1182,53,13,0.00900553,5/31/2017,,,,,,,,,,,,
1183,54,13,-0.005311918,5/31/2017,,,,,,,,,,,,
1184,55,13,-0.013929856,5/31/2017,,,,,,,,,,,,
1185,56,13,-0.003598546,5/31/2017,,,,,,,,,,,,
1186,57,13,-0.007072081,5/31/2017,,,,,,,,,,,,
1187,58,13,-0.001787665,5/31/2017,,,,,,,,,,,,
1188,59,13,-0.022984262,5/31/2017,,,,,,,,,,,,
1189,60,13,0.005654858,5/31/2017,,,,,,,,,,,,
1190,61,13,-0.013697691,5/31/2017,,,,,,,,,,,,
1191,62,13,-0.002349502,5/31/2017,,,,,,,,,,,,
1192,63,13,0.005362994,5/31/2017,,,,,,,,,,,,
1193,64,13,0.021281724,5/31/2017,,,,,,,,,,,,
1194,65,13,0.023216426,5/31/2017,,,,,,,,,,,,
1195,66,13,-0.011393908,5/31/2017,,,,,,,,,,,,
1196,67,13,0.009660052,5/31/2017,,,,,,,,,,,,
1197,68,13,-0.003170243,5/31/2017,,,,,,,,,,,,
1198,69,13,0.005500507,5/31/2017,,,,,,,,,,,,
1199,70,13,-0.022984262,5/31/2017,,,,,,,,,,,,
1200,71,13,-0.011867691,5/31/2017,,,,,,,,,,,,
1201,32,14,0.114407898,5/31/2017,,,,,,,,,,,,
1202,33,14,0.227726198,5/31/2017,,,,,,,,,,,,
1203,34,14,-0.943865161,5/31/2017,,,,,,,,,,,,
1204,35,14,0.276867114,5/31/2017,,,,,,,,,,,,
1205,36,14,0.480513173,5/31/2017,,,,,,,,,,,,
1206,37,14,0.074537773,5/31/2017,,,,,,,,,,,,
1207,38,14,-0.563007289,5/31/2017,,,,,,,,,,,,
1208,39,14,0.180565509,5/31/2017,,,,,,,,,,,,
1209,40,14,-0.206751416,5/31/2017,,,,,,,,,,,,
1210,41,14,0.234536192,5/31/2017,,,,,,,,,,,,
1211,42,14,0.121354092,5/31/2017,,,,,,,,,,,,
1212,43,14,0.402715802,5/31/2017,,,,,,,,,,,,
1213,44,14,0.022208592,5/31/2017,,,,,,,,,,,,
1214,45,14,0.130509751,5/31/2017,,,,,,,,,,,,
1215,46,14,1604,5/31/2017,,,,,,,,,,,,
1216,47,14,-0.185461225,5/31/2017,,,,,,,,,,,,
1217,48,14,0.054716821,5/31/2017,,,,,,,,,,,,
1218,49,14,0.062924344,5/31/2017,,,,,,,,,,,,
1219,50,14,-0.340257564,5/31/2017,,,,,,,,,,,,
1220,51,14,0.265181164,5/31/2017,,,,,,,,,,,,
1221,52,14,-0.295744417,5/31/2017,,,,,,,,,,,,
1222,53,14,-0.784134134,5/31/2017,,,,,,,,,,,,
1223,54,14,-0.311625323,5/31/2017,,,,,,,,,,,,
1224,55,14,0.266218379,5/31/2017,,,,,,,,,,,,
1225,56,14,-0.411105715,5/31/2017,,,,,,,,,,,,
1226,57,14,0.308901325,5/31/2017,,,,,,,,,,,,
1227,58,14,-0.195764626,5/31/2017,,,,,,,,,,,,
1228,59,14,0.065254875,5/31/2017,,,,,,,,,,,,
1229,60,14,0.421963248,5/31/2017,,,,,,,,,,,,
1230,61,14,-0.012584869,5/31/2017,,,,,,,,,,,,
1231,62,14,-0.053243676,5/31/2017,,,,,,,,,,,,
1232,63,14,0.319116316,5/31/2017,,,,,,,,,,,,
1233,64,14,-0.209747814,5/31/2017,,,,,,,,,,,,
1234,65,14,-0.310127124,5/31/2017,,,,,,,,,,,,
1235,66,14,0.264944607,5/31/2017,,,,,,,,,,,,
1236,67,14,0.033461863,5/31/2017,,,,,,,,,,,,
1237,68,14,-0.368223939,5/31/2017,,,,,,,,,,,,
1238,69,14,-0.161805456,5/31/2017,,,,,,,,,,,,
1239,70,14,-0.650218222,5/31/2017,,,,,,,,,,,,
1240,71,14,-0.372302369,5/31/2017,,,,,,,,,,,,
1241,32,15,-0.037435735,5/31/2017,,,,,,,,,,,,
1242,33,15,0.034641054,5/31/2017,,,,,,,,,,,,
1243,34,15,0.042486589,5/31/2017,,,,,,,,,,,,
1244,35,15,-0.025534869,5/31/2017,,,,,,,,,,,,
1245,36,15,-0.054785338,5/31/2017,,,,,,,,,,,,
1246,37,15,0.37009623,5/31/2017,,,,,,,,,,,,
1247,38,15,0.061447546,5/31/2017,,,,,,,,,,,,
1248,39,15,-0.054824866,5/31/2017,,,,,,,,,,,,
1249,40,15,-0.026285894,5/31/2017,,,,,,,,,,,,
1250,41,15,-0.076604607,5/31/2017,,,,,,,,,,,,
1251,42,15,-0.047834551,5/31/2017,,,,,,,,,,,,
1252,43,15,-0.00951299,5/31/2017,,,,,,,,,,,,
1253,44,15,-0.007458461,5/31/2017,,,,,,,,,,,,
1254,45,15,-0.031993689,5/31/2017,,,,,,,,,,,,
1255,46,15,1574,5/31/2017,,,,,,,,,,,,
1256,47,15,-0.007156832,5/31/2017,,,,,,,,,,,,
1257,48,15,0.041953841,5/31/2017,,,,,,,,,,,,
1258,49,15,-0.04055538,5/31/2017,,,,,,,,,,,,
1259,50,15,0.026516979,5/31/2017,,,,,,,,,,,,
1260,51,15,-0.041907226,5/31/2017,,,,,,,,,,,,
1261,52,15,0.00675923,5/31/2017,,,,,,,,,,,,
1262,53,15,0.034761754,5/31/2017,,,,,,,,,,,,
1263,54,15,0.010013674,5/31/2017,,,,,,,,,,,,
1264,55,15,-0.036868527,5/31/2017,,,,,,,,,,,,
1265,56,15,0.022530767,5/31/2017,,,,,,,,,,,,
1266,57,15,-0.02703692,5/31/2017,,,,,,,,,,,,
1267,58,15,-0.095981066,5/31/2017,,,,,,,,,,,,
1268,59,15,-0.059640265,5/31/2017,,,,,,,,,,,,
1269,60,15,0.046349006,5/31/2017,,,,,,,,,,,,
1270,61,15,-0.038302303,5/31/2017,,,,,,,,,,,,
1271,62,15,0.036499842,5/31/2017,,,,,,,,,,,,
1272,63,15,0.039710476,5/31/2017,,,,,,,,,,,,
1273,64,15,-0.0675923,5/31/2017,,,,,,,,,,,,
1274,65,15,-0.004268987,5/31/2017,,,,,,,,,,,,
1275,66,15,-0.025955443,5/31/2017,,,,,,,,,,,,
1276,67,15,-0.014363364,5/31/2017,,,,,,,,,,,,
1277,68,15,-0.01707595,5/31/2017,,,,,,,,,,,,
1278,69,15,0.003862417,5/31/2017,,,,,,,,,,,,
1279,70,15,-0.098316073,5/31/2017,,,,,,,,,,,,
1280,71,15,0.054975071,5/31/2017,,,,,,,,,,,,
1281,32,16,5053.017102,5/31/2017,,,,,,,,,,,,
1282,33,16,-385.2091513,5/31/2017,,,,,,,,,,,,
1283,34,16,160.8956854,5/31/2017,,,,,,,,,,,,
1284,35,16,1261.500344,5/31/2017,,,,,,,,,,,,
1285,36,16,6813.702267,5/31/2017,,,,,,,,,,,,
1286,37,16,0.199830984,5/31/2017,,,,,,,,,,,,
1287,38,16,1809.094452,5/31/2017,,,,,,,,,,,,
1288,39,16,9910.644565,5/31/2017,,,,,,,,,,,,
1289,40,16,7380.915239,5/31/2017,,,,,,,,,,,,
1290,41,16,18.22620023,5/31/2017,,,,,,,,,,,,
1291,42,16,210.0036416,5/31/2017,,,,,,,,,,,,
1292,43,16,806.7772848,5/31/2017,,,,,,,,,,,,
1293,44,16,7237.810515,5/31/2017,,,,,,,,,,,,
1294,45,16,17043.54279,5/31/2017,,,,,,,,,,,,
1295,46,16,5846.048185,5/31/2017,,,,,,,,,,,,
1296,47,16,4825.897601,5/31/2017,,,,,,,,,,,,
1297,48,16,3064.268767,5/31/2017,,,,,,,,,,,,
1298,49,16,9962.786002,5/31/2017,,,,,,,,,,,,
1299,50,16,427.8180358,5/31/2017,,,,,,,,,,,,
1300,51,16,599.4157796,5/31/2017,,,,,,,,,,,,
1301,52,16,5658.317811,5/31/2017,,,,,,,,,,,,
1302,53,16,896.2173077,5/31/2017,,,,,,,,,,,,
1303,54,16,8381.654705,5/31/2017,,,,,,,,,,,,
1304,55,16,326.3290841,5/31/2017,,,,,,,,,,,,
1305,56,16,325.502505,5/31/2017,,,,,,,,,,,,
1306,57,16,225.6325437,5/31/2017,,,,,,,,,,,,
1307,58,16,339.9363154,5/31/2017,,,,,,,,,,,,
1308,59,16,8827.758805,5/31/2017,,,,,,,,,,,,
1309,60,16,15304.54136,5/31/2017,,,,,,,,,,,,
1310,61,16,508.8208524,5/31/2017,,,,,,,,,,,,
1311,62,16,937.3545041,5/31/2017,,,,,,,,,,,,
1312,63,16,137.5439354,5/31/2017,,,,,,,,,,,,
1313,64,16,6943.487085,5/31/2017,,,,,,,,,,,,
1314,65,16,9564.506654,5/31/2017,,,,,,,,,,,,
1315,66,16,3471.649737,5/31/2017,,,,,,,,,,,,
1316,67,16,549.4229774,5/31/2017,,,,,,,,,,,,
1317,68,16,470.847562,5/31/2017,,,,,,,,,,,,
1318,69,16,3431.656929,5/31/2017,,,,,,,,,,,,
1319,70,16,4675.072625,5/31/2017,,,,,,,,,,,,
1320,71,16,10737.07996,5/31/2017,,,,,,,,,,,,
1321,32,17,0.01998536,5/31/2017,,,,,,,,,,,,
1322,33,17,0.113166741,5/31/2017,,,,,,,,,,,,
1323,34,17,0.003248542,5/31/2017,,,,,,,,,,,,
1324,35,17,0.005083638,5/31/2017,,,,,,,,,,,,
1325,36,17,0.09987649,5/31/2017,,,,,,,,,,,,
1326,37,17,0.371979127,5/31/2017,,,,,,,,,,,,
1327,38,17,-0.016312403,5/31/2017,,,,,,,,,,,,
1328,39,17,0.415564844,5/31/2017,,,,,,,,,,,,
1329,40,17,-0.530693036,5/31/2017,,,,,,,,,,,,
1330,41,17,-0.008014136,5/31/2017,,,,,,,,,,,,
1331,42,17,-0.026053972,5/31/2017,,,,,,,,,,,,
1332,43,17,-0.012927021,5/31/2017,,,,,,,,,,,,
1333,44,17,0.111696755,5/31/2017,,,,,,,,,,,,
1334,45,17,-0.018663237,5/31/2017,,,,,,,,,,,,
1335,46,17,0.120003574,5/31/2017,,,,,,,,,,,,
1336,47,17,-0.02099934,5/31/2017,,,,,,,,,,,,
1337,48,17,-0.000681329,5/31/2017,,,,,,,,,,,,
1338,49,17,-0.026667137,5/31/2017,,,,,,,,,,,,
1339,50,17,-0.002743503,5/31/2017,,,,,,,,,,,,
1340,51,17,19.16808718,5/31/2017,,,,,,,,,,,,
1341,52,17,0.007840894,5/31/2017,,,,,,,,,,,,
1342,53,17,0.001760796,5/31/2017,,,,,,,,,,,,
1343,54,17,0.000996907,5/31/2017,,,,,,,,,,,,
1344,55,17,0.00021603,5/31/2017,,,,,,,,,,,,
1345,56,17,0.02300909,5/31/2017,,,,,,,,,,,,
1346,57,17,0.00082201,5/31/2017,,,,,,,,,,,,
1347,58,17,0.003215995,5/31/2017,,,,,,,,,,,,
1348,59,17,-0.00016021,5/31/2017,,,,,,,,,,,,
1349,60,17,0.007633834,5/31/2017,,,,,,,,,,,,
1350,61,17,-0.007257994,5/31/2017,,,,,,,,,,,,
1351,62,17,0.019607367,5/31/2017,,,,,,,,,,,,
1352,63,17,0.105906707,5/31/2017,,,,,,,,,,,,
1353,64,17,0.007563483,5/31/2017,,,,,,,,,,,,
1354,65,17,0.005960891,5/31/2017,,,,,,,,,,,,
1355,66,17,0.001555777,5/31/2017,,,,,,,,,,,,
1356,67,17,0.003912403,5/31/2017,,,,,,,,,,,,
1357,68,17,0.011336604,5/31/2017,,,,,,,,,,,,
1358,69,17,0.002291035,5/31/2017,,,,,,,,,,,,
1359,70,17,0.008720723,5/31/2017,,,,,,,,,,,,
1360,71,17,0.005067491,5/31/2017,,,,,,,,,,,,
1361,32,1,25920328.3,4/30/2017,,,,,,,,,,,,
1362,33,1,12528952.05,4/30/2017,,,,,,,,,,,,
1363,34,1,600388753.7,4/30/2017,,,,,,,,,,,,
1364,35,1,2038.744234,4/30/2017,,,,,,,,,,,,
1365,36,1,10750.60023,4/30/2017,,,,,,,,,,,,
1366,37,1,525444727,4/30/2017,,,,,,,,,,,,
1367,38,1,12491415234,4/30/2017,,,,,,,,,,,,
1368,39,1,41946630.96,4/30/2017,,,,,,,,,,,,
1369,40,1,31291202.62,4/30/2017,,,,,,,,,,,,
1370,41,1,373637925.1,4/30/2017,,,,,,,,,,,,
1371,42,1,3153089373,4/30/2017,,,,,,,,,,,,
1372,43,1,537817.2585,4/30/2017,,,,,,,,,,,,
1373,44,1,451950.4001,4/30/2017,,,,,,,,,,,,
1374,45,1,583842394.2,4/30/2017,,,,,,,,,,,,
1375,46,1,0.093146206,4/30/2017,,,,,,,,,,,,
1376,47,1,8988478365,4/30/2017,,,,,,,,,,,,
1377,48,1,166968200.7,4/30/2017,,,,,,,,,,,,
1378,49,1,27228687663,4/30/2017,,,,,,,,,,,,
1379,50,1,64195.99338,4/30/2017,,,,,,,,,,,,
1380,51,1,3794417152,4/30/2017,,,,,,,,,,,,
1381,52,1,3766585250,4/30/2017,,,,,,,,,,,,
1382,53,1,3287527239,4/30/2017,,,,,,,,,,,,
1383,54,1,5575971446,4/30/2017,,,,,,,,,,,,
1384,55,1,4707151552,4/30/2017,,,,,,,,,,,,
1385,56,1,496231544.2,4/30/2017,,,,,,,,,,,,
1386,57,1,540991523.4,4/30/2017,,,,,,,,,,,,
1387,58,1,2351348735,4/30/2017,,,,,,,,,,,,
1388,59,1,671476597.7,4/30/2017,,,,,,,,,,,,
1389,60,1,75937701.95,4/30/2017,,,,,,,,,,,,
1390,61,1,298776904.4,4/30/2017,,,,,,,,,,,,
1391,62,1,1476994589,4/30/2017,,,,,,,,,,,,
1392,63,1,14565155.39,4/30/2017,,,,,,,,,,,,
1393,64,1,8587096158,4/30/2017,,,,,,,,,,,,
1394,65,1,2547723482,4/30/2017,,,,,,,,,,,,
1395,66,1,1563054473,4/30/2017,,,,,,,,,,,,
1396,67,1,6146892737,4/30/2017,,,,,,,,,,,,
1397,68,1,3398447754,4/30/2017,,,,,,,,,,,,
1398,69,1,3767469484,4/30/2017,,,,,,,,,,,,
1399,70,1,3637690924,4/30/2017,,,,,,,,,,,,
1400,71,1,15512395924,4/30/2017,,,,,,,,,,,,
1401,32,2,0.143413065,4/30/2017,,,,,,,,,,,,
1402,33,2,-0.285790601,4/30/2017,,,,,,,,,,,,
1403,34,2,0.118982596,4/30/2017,,,,,,,,,,,,
1404,35,2,-0.152471303,4/30/2017,,,,,,,,,,,,
1405,36,2,0.159470832,4/30/2017,,,,,,,,,,,,
1406,37,2,0.097962045,4/30/2017,,,,,,,,,,,,
1407,38,2,-0.189273933,4/30/2017,,,,,,,,,,,,
1408,39,2,0.151650874,4/30/2017,,,,,,,,,,,,
1409,40,2,0.199378793,4/30/2017,,,,,,,,,,,,
1410,41,2,-0.065841128,4/30/2017,,,,,,,,,,,,
1411,42,2,0.272667799,4/30/2017,,,,,,,,,,,,
1412,43,2,0.286729921,4/30/2017,,,,,,,,,,,,
1413,44,2,-0.092599933,4/30/2017,,,,,,,,,,,,
1414,45,2,-0.432628574,4/30/2017,,,,,,,,,,,,
1415,46,2,-0.287832094,4/30/2017,,,,,,,,,,,,
1416,47,2,0.020082681,4/30/2017,,,,,,,,,,,,
1417,48,2,0.469111531,4/30/2017,,,,,,,,,,,,
1418,49,2,-0.224438875,4/30/2017,,,,,,,,,,,,
1419,50,2,-0.177650821,4/30/2017,,,,,,,,,,,,
1420,51,2,0.199407376,4/30/2017,,,,,,,,,,,,
1421,52,2,-0.170575531,4/30/2017,,,,,,,,,,,,
1422,53,2,-0.10281355,4/30/2017,,,,,,,,,,,,
1423,54,2,-0.004249322,4/30/2017,,,,,,,,,,,,
1424,55,2,0.387763991,4/30/2017,,,,,,,,,,,,
1425,56,2,-0.304309938,4/30/2017,,,,,,,,,,,,
1426,57,2,0.197767647,4/30/2017,,,,,,,,,,,,
1427,58,2,0.005458997,4/30/2017,,,,,,,,,,,,
1428,59,2,-0.095851318,4/30/2017,,,,,,,,,,,,
1429,60,2,-0.249829075,4/30/2017,,,,,,,,,,,,
1430,61,2,0.074559388,4/30/2017,,,,,,,,,,,,
1431,62,2,0.197023238,4/30/2017,,,,,,,,,,,,
1432,63,2,-0.109476853,4/30/2017,,,,,,,,,,,,
1433,64,2,0.211227656,4/30/2017,,,,,,,,,,,,
1434,65,2,-0.290984898,4/30/2017,,,,,,,,,,,,
1435,66,2,-0.136070394,4/30/2017,,,,,,,,,,,,
1436,67,2,0.00436945,4/30/2017,,,,,,,,,,,,
1437,68,2,0.188233481,4/30/2017,,,,,,,,,,,,
1438,69,2,-0.179125407,4/30/2017,,,,,,,,,,,,
1439,70,2,-0.226211707,4/30/2017,,,,,,,,,,,,
1440,71,2,0.014769916,4/30/2017,,,,,,,,,,,,
1441,32,3,0.117598713,4/30/2017,,,,,,,,,,,,
1442,33,3,-0.24292201,4/30/2017,,,,,,,,,,,,
1443,34,3,0.097565729,4/30/2017,,,,,,,,,,,,
1444,35,3,-0.11587819,4/30/2017,,,,,,,,,,,,
1445,36,3,0.122792541,4/30/2017,,,,,,,,,,,,
1446,37,3,0.135195766,4/30/2017,,,,,,,,,,,,
1447,38,3,-0.151419147,4/30/2017,,,,,,,,,,,,
1448,39,3,0.127386734,4/30/2017,,,,,,,,,,,,
1449,40,3,0.177447126,4/30/2017,,,,,,,,,,,,
1450,41,3,-0.06189066,4/30/2017,,,,,,,,,,,,
1451,42,3,0.220860917,4/30/2017,,,,,,,,,,,,
1452,43,3,0.235118535,4/30/2017,,,,,,,,,,,,
1453,44,3,-0.070375949,4/30/2017,,,,,,,,,,,,
1454,45,3,-0.350429145,4/30/2017,,,,,,,,,,,,
1455,46,3,-0.261927206,4/30/2017,,,,,,,,,,,,
1456,47,3,0.016869452,4/30/2017,,,,,,,,,,,,
1457,48,3,0.398744802,4/30/2017,,,,,,,,,,,,
1458,49,3,-0.210972542,4/30/2017,,,,,,,,,,,,
1459,50,3,-0.163438756,4/30/2017,,,,,,,,,,,,
1460,51,3,0.183454786,4/30/2017,,,,,,,,,,,,
1461,52,3,-0.150106468,4/30/2017,,,,,,,,,,,,
1462,53,3,-0.086363382,4/30/2017,,,,,,,,,,,,
1463,54,3,-0.003271978,4/30/2017,,,,,,,,,,,,
1464,55,3,0.360620512,4/30/2017,,,,,,,,,,,,
1465,56,3,-0.261706546,4/30/2017,,,,,,,,,,,,
1466,57,3,0.150303412,4/30/2017,,,,,,,,,,,,
1467,58,3,0.005022277,4/30/2017,,,,,,,,,,,,
1468,59,3,-0.088183213,4/30/2017,,,,,,,,,,,,
1469,60,3,-0.217351296,4/30/2017,,,,,,,,,,,,
1470,61,3,0.070831419,4/30/2017,,,,,,,,,,,,
1471,62,3,0.153678125,4/30/2017,,,,,,,,,,,,
1472,63,3,-0.086486714,4/30/2017,,,,,,,,,,,,
1473,64,3,0.194329444,4/30/2017,,,,,,,,,,,,
1474,65,3,-0.273525804,4/30/2017,,,,,,,,,,,,
1475,66,3,-0.123824059,4/30/2017,,,,,,,,,,,,
1476,67,3,0.003670338,4/30/2017,,,,,,,,,,,,
1477,68,3,0.152469119,4/30/2017,,,,,,,,,,,,
1478,69,3,-0.141509071,4/30/2017,,,,,,,,,,,,
1479,70,3,-0.20811477,4/30/2017,,,,,,,,,,,,
1480,71,3,0.013440624,4/30/2017,,,,,,,,,,,,
1481,32,4,0.025814352,4/30/2017,,,,,,,,,,,,
1482,33,4,-0.04286859,4/30/2017,,,,,,,,,,,,
1483,34,4,0.021416867,4/30/2017,,,,,,,,,,,,
1484,35,4,-0.036593113,4/30/2017,,,,,,,,,,,,
1485,36,4,0.036678291,4/30/2017,,,,,,,,,,,,
1486,37,4,0.089577145,4/30/2017,,,,,,,,,,,,
1487,38,4,-0.037854787,4/30/2017,,,,,,,,,,,,
1488,39,4,0.02426414,4/30/2017,,,,,,,,,,,,
1489,40,4,0.021931667,4/30/2017,,,,,,,,,,,,
1490,41,4,-0.003950468,4/30/2017,,,,,,,,,,,,
1491,42,4,0.051806882,4/30/2017,,,,,,,,,,,,
1492,43,4,0.051611386,4/30/2017,,,,,,,,,,,,
1493,44,4,-0.022223984,4/30/2017,,,,,,,,,,,,
1494,45,4,-0.082199429,4/30/2017,,,,,,,,,,,,
1495,46,4,-0.025904888,4/30/2017,,,,,,,,,,,,
1496,47,4,0.003213229,4/30/2017,,,,,,,,,,,,
1497,48,4,0.07036673,4/30/2017,,,,,,,,,,,,
1498,49,4,-0.013466332,4/30/2017,,,,,,,,,,,,
1499,50,4,-0.014212066,4/30/2017,,,,,,,,,,,,
1500,51,4,0.01595259,4/30/2017,,,,,,,,,,,,
1501,52,4,-0.020469064,4/30/2017,,,,,,,,,,,,
1502,53,4,-0.016450168,4/30/2017,,,,,,,,,,,,
1503,54,4,-0.000977344,4/30/2017,,,,,,,,,,,,
1504,55,4,0.027143479,4/30/2017,,,,,,,,,,,,
1505,56,4,-0.042603391,4/30/2017,,,,,,,,,,,,
1506,57,4,0.047464235,4/30/2017,,,,,,,,,,,,
1507,58,4,0.00043672,4/30/2017,,,,,,,,,,,,
1508,59,4,-0.007668105,4/30/2017,,,,,,,,,,,,
1509,60,4,-0.03247778,4/30/2017,,,,,,,,,,,,
1510,61,4,0.003727969,4/30/2017,,,,,,,,,,,,
1511,62,4,0.043345112,4/30/2017,,,,,,,,,,,,
1512,63,4,-0.022990139,4/30/2017,,,,,,,,,,,,
1513,64,4,0.016898213,4/30/2017,,,,,,,,,,,,
1514,65,4,-0.017459094,4/30/2017,,,,,,,,,,,,
1515,66,4,-0.012246335,4/30/2017,,,,,,,,,,,,
1516,67,4,0.000699112,4/30/2017,,,,,,,,,,,,
1517,68,4,0.035764361,4/30/2017,,,,,,,,,,,,
1518,69,4,-0.037616335,4/30/2017,,,,,,,,,,,,
1519,70,4,-0.018096937,4/30/2017,,,,,,,,,,,,
1520,71,4,0.001329292,4/30/2017,,,,,,,,,,,,
1521,32,5,0.057649165,4/30/2017,,,,,,,,,,,,
1522,33,5,0.108766738,4/30/2017,,,,,,,,,,,,
1523,34,5,0.075224164,4/30/2017,,,,,,,,,,,,
1524,35,5,0.050800565,4/30/2017,,,,,,,,,,,,
1525,36,5,0.291225417,4/30/2017,,,,,,,,,,,,
1526,37,5,0.144317367,4/30/2017,,,,,,,,,,,,
1527,38,5,0.24888475,4/30/2017,,,,,,,,,,,,
1528,39,5,-0.052278669,4/30/2017,,,,,,,,,,,,
1529,40,5,0.319617158,4/30/2017,,,,,,,,,,,,
1530,41,5,0.00505696,4/30/2017,,,,,,,,,,,,
1531,42,5,0.085927759,4/30/2017,,,,,,,,,,,,
1532,43,5,-0.007471281,4/30/2017,,,,,,,,,,,,
1533,44,5,-0.082911429,4/30/2017,,,,,,,,,,,,
1534,45,5,0.178857751,4/30/2017,,,,,,,,,,,,
1535,46,5,0.008837745,4/30/2017,,,,,,,,,,,,
1536,47,5,0.144413498,4/30/2017,,,,,,,,,,,,
1537,48,5,0.081707198,4/30/2017,,,,,,,,,,,,
1538,49,5,0.242228358,4/30/2017,,,,,,,,,,,,
1539,50,5,0.304286506,4/30/2017,,,,,,,,,,,,
1540,51,5,0.121569535,4/30/2017,,,,,,,,,,,,
1541,52,5,0.319760903,4/30/2017,,,,,,,,,,,,
1542,53,5,0.148287227,4/30/2017,,,,,,,,,,,,
1543,54,5,0.042948849,4/30/2017,,,,,,,,,,,,
1544,55,5,0.000901352,4/30/2017,,,,,,,,,,,,
1545,56,5,0.250591667,4/30/2017,,,,,,,,,,,,
1546,57,5,0.4042225,4/30/2017,,,,,,,,,,,,
1547,58,5,0.083880084,4/30/2017,,,,,,,,,,,,
1548,59,5,0.230858933,4/30/2017,,,,,,,,,,,,
1549,60,5,0.172289634,4/30/2017,,,,,,,,,,,,
1550,61,5,0.275730785,4/30/2017,,,,,,,,,,,,
1551,62,5,0.06648017,4/30/2017,,,,,,,,,,,,
1552,63,5,0.400034451,4/30/2017,,,,,,,,,,,,
1553,64,5,0.267559723,4/30/2017,,,,,,,,,,,,
1554,65,5,0.346585463,4/30/2017,,,,,,,,,,,,
1555,66,5,0.234523114,4/30/2017,,,,,,,,,,,,
1556,67,5,0.205726695,4/30/2017,,,,,,,,,,,,
1557,68,5,0.137315855,4/30/2017,,,,,,,,,,,,
1558,69,5,0.375718602,4/30/2017,,,,,,,,,,,,
1559,70,5,0.483192733,4/30/2017,,,,,,,,,,,,
1560,71,5,0.184527541,4/30/2017,,,,,,,,,,,,
1561,32,6,0.047848807,4/30/2017,,,,,,,,,,,,
1562,33,6,0.194456945,4/30/2017,,,,,,,,,,,,
1563,34,6,0.060179331,4/30/2017,,,,,,,,,,,,
1564,35,6,0.197008626,4/30/2017,,,,,,,,,,,,
1565,36,6,0.224243571,4/30/2017,,,,,,,,,,,,
1566,37,6,0.076224313,4/30/2017,,,,,,,,,,,,
1567,38,6,0.21901858,4/30/2017,,,,,,,,,,,,
1568,39,6,-0.048619162,4/30/2017,,,,,,,,,,,,
1569,40,6,0.278066927,4/30/2017,,,,,,,,,,,,
1570,41,6,0.003994999,4/30/2017,,,,,,,,,,,,
1571,42,6,0.080772093,4/30/2017,,,,,,,,,,,,
1572,43,6,-0.005752887,4/30/2017,,,,,,,,,,,,
1573,44,6,-0.072132943,4/30/2017,,,,,,,,,,,,
1574,45,6,0.168126286,4/30/2017,,,,,,,,,,,,
1575,46,6,0.006893441,4/30/2017,,,,,,,,,,,,
1576,47,6,0.119863204,4/30/2017,,,,,,,,,,,,
1577,48,6,0.064548687,4/30/2017,,,,,,,,,,,,
1578,49,6,0.225272373,4/30/2017,,,,,,,,,,,,
1579,50,6,0.264729261,4/30/2017,,,,,,,,,,,,
1580,51,6,0.151500151,4/30/2017,,,,,,,,,,,,
1581,52,6,0.243018286,4/30/2017,,,,,,,,,,,,
1582,53,6,0.136424249,4/30/2017,,,,,,,,,,,,
1583,54,6,0.037365499,4/30/2017,,,,,,,,,,,,
1584,55,6,0.000775162,4/30/2017,,,,,,,,,,,,
1585,56,6,0.235556167,4/30/2017,,,,,,,,,,,,
1586,57,6,0.311251325,4/30/2017,,,,,,,,,,,,
1587,58,6,0.062910063,4/30/2017,,,,,,,,,,,,
1588,59,6,0.200847272,4/30/2017,,,,,,,,,,,,
1589,60,6,0.139554603,4/30/2017,,,,,,,,,,,,
1590,61,6,0.212312705,4/30/2017,,,,,,,,,,,,
1591,62,6,0.144247032,4/30/2017,,,,,,,,,,,,
1592,63,6,0.348029973,4/30/2017,,,,,,,,,,,,
1593,64,6,0.219398973,4/30/2017,,,,,,,,,,,,
1594,65,6,0.273802516,4/30/2017,,,,,,,,,,,,
1595,66,6,0.187618491,4/30/2017,,,,,,,,,,,,
1596,67,6,0.158409555,4/30/2017,,,,,,,,,,,,
1597,68,6,0.120837952,4/30/2017,,,,,,,,,,,,
1598,69,6,0.326875184,4/30/2017,,,,,,,,,,,,
1599,70,6,0.43487346,4/30/2017,,,,,,,,,,,,
1600,71,6,0.162384236,4/30/2017,,,,,,,,,,,,
1601,32,7,0.009800358,4/30/2017,,,,,,,,,,,,
1602,33,7,0.110135708,4/30/2017,,,,,,,,,,,,
1603,34,7,0.015044833,4/30/2017,,,,,,,,,,,,
1604,35,7,0.199158001,4/30/2017,,,,,,,,,,,,
1605,36,7,0.066981846,4/30/2017,,,,,,,,,,,,
1606,37,7,0.107593968,4/30/2017,,,,,,,,,,,,
1607,38,7,0.02986617,4/30/2017,,,,,,,,,,,,
1608,39,7,-0.003659507,4/30/2017,,,,,,,,,,,,
1609,40,7,0.041550231,4/30/2017,,,,,,,,,,,,
1610,41,7,0.001061962,4/30/2017,,,,,,,,,,,,
1611,42,7,0.005155666,4/30/2017,,,,,,,,,,,,
1612,43,7,-0.001718395,4/30/2017,,,,,,,,,,,,
1613,44,7,-0.010778486,4/30/2017,,,,,,,,,,,,
1614,45,7,0.010731465,4/30/2017,,,,,,,,,,,,
1615,46,7,0.001944304,4/30/2017,,,,,,,,,,,,
1616,47,7,0.024550295,4/30/2017,,,,,,,,,,,,
1617,48,7,0.017158512,4/30/2017,,,,,,,,,,,,
1618,49,7,0.016955985,4/30/2017,,,,,,,,,,,,
1619,50,7,0.039557246,4/30/2017,,,,,,,,,,,,
1620,51,7,0.046295084,4/30/2017,,,,,,,,,,,,
1621,52,7,0.076742617,4/30/2017,,,,,,,,,,,,
1622,53,7,0.011862978,4/30/2017,,,,,,,,,,,,
1623,54,7,0.00558335,4/30/2017,,,,,,,,,,,,
1624,55,7,0.000126189,4/30/2017,,,,,,,,,,,,
1625,56,7,0.0150355,4/30/2017,,,,,,,,,,,,
1626,57,7,0.092971175,4/30/2017,,,,,,,,,,,,
1627,58,7,0.020970021,4/30/2017,,,,,,,,,,,,
1628,59,7,0.030011661,4/30/2017,,,,,,,,,,,,
1629,60,7,0.03273503,4/30/2017,,,,,,,,,,,,
1630,61,7,0.063418081,4/30/2017,,,,,,,,,,,,
1631,62,7,0.086031163,4/30/2017,,,,,,,,,,,,
1632,63,7,0.052004479,4/30/2017,,,,,,,,,,,,
1633,64,7,0.04816075,4/30/2017,,,,,,,,,,,,
1634,65,7,0.072782947,4/30/2017,,,,,,,,,,,,
1635,66,7,0.046904623,4/30/2017,,,,,,,,,,,,
1636,67,7,0.04731714,4/30/2017,,,,,,,,,,,,
1637,68,7,0.016477903,4/30/2017,,,,,,,,,,,,
1638,69,7,0.048843418,4/30/2017,,,,,,,,,,,,
1639,70,7,0.048319273,4/30/2017,,,,,,,,,,,,
1640,71,7,0.022143305,4/30/2017,,,,,,,,,,,,
1641,32,8,0.079821921,4/30/2017,,,,,,,,,,,,
1642,33,8,0.082784311,4/30/2017,,,,,,,,,,,,
1643,34,8,0.098370061,4/30/2017,,,,,,,,,,,,
1644,35,8,0.186983814,4/30/2017,,,,,,,,,,,,
1645,36,8,0.425637148,4/30/2017,,,,,,,,,,,,
1646,37,8,0.035884535,4/30/2017,,,,,,,,,,,,
1647,38,8,0.344609654,4/30/2017,,,,,,,,,,,,
1648,39,8,-0.07238585,4/30/2017,,,,,,,,,,,,
1649,40,8,0.368789028,4/30/2017,,,,,,,,,,,,
1650,41,8,0.007001945,4/30/2017,,,,,,,,,,,,
1651,42,8,0.118976897,4/30/2017,,,,,,,,,,,,
1652,43,8,-0.009770137,4/30/2017,,,,,,,,,,,,
1653,44,8,-0.11480044,4/30/2017,,,,,,,,,,,,
1654,45,8,0.206374328,4/30/2017,,,,,,,,,,,,
1655,46,8,0.011557051,4/30/2017,,,,,,,,,,,,
1656,47,8,0.16663096,4/30/2017,,,,,,,,,,,,
1657,48,8,0.113133044,4/30/2017,,,,,,,,,,,,
1658,49,8,0.372659012,4/30/2017,,,,,,,,,,,,
1659,50,8,0.444726433,4/30/2017,,,,,,,,,,,,
1660,51,8,0.121840299,4/30/2017,,,,,,,,,,,,
1661,52,8,0.491939851,4/30/2017,,,,,,,,,,,,
1662,53,8,0.171100646,4/30/2017,,,,,,,,,,,,
1663,54,8,0.059467638,4/30/2017,,,,,,,,,,,,
1664,55,8,0.001040021,4/30/2017,,,,,,,,,,,,
1665,56,8,0.327696795,4/30/2017,,,,,,,,,,,,
1666,57,8,0.621880769,4/30/2017,,,,,,,,,,,,
1667,58,8,0.10968934,4/30/2017,,,,,,,,,,,,
1668,59,8,0.319650831,4/30/2017,,,,,,,,,,,,
1669,60,8,0.238554877,4/30/2017,,,,,,,,,,,,
1670,61,8,0.424201208,4/30/2017,,,,,,,,,,,,
1671,62,8,0.08103406,4/30/2017,,,,,,,,,,,,
1672,63,8,0.523121975,4/30/2017,,,,,,,,,,,,
1673,64,8,0.411630343,4/30/2017,,,,,,,,,,,,
1674,65,8,0.453227144,4/30/2017,,,,,,,,,,,,
1675,66,8,0.306684072,4/30/2017,,,,,,,,,,,,
1676,67,8,0.269027216,4/30/2017,,,,,,,,,,,,
1677,68,8,0.158441371,4/30/2017,,,,,,,,,,,,
1678,69,8,0.578028618,4/30/2017,,,,,,,,,,,,
1679,70,8,0.557530077,4/30/2017,,,,,,,,,,,,
1680,71,8,0.241305246,4/30/2017,,,,,,,,,,,,
1681,32,9,0.059866441,4/30/2017,,,,,,,,,,,,
1682,33,9,0.024384759,4/30/2017,,,,,,,,,,,,
1683,34,9,0.073777545,4/30/2017,,,,,,,,,,,,
1684,35,9,0.05046716,4/30/2017,,,,,,,,,,,,
1685,36,9,0.370304319,4/30/2017,,,,,,,,,,,,
1686,37,9,0.039623364,4/30/2017,,,,,,,,,,,,
1687,38,9,0.313594785,4/30/2017,,,,,,,,,,,,
1688,39,9,-0.065147265,4/30/2017,,,,,,,,,,,,
1689,40,9,0.331910125,4/30/2017,,,,,,,,,,,,
1690,41,9,0.006511809,4/30/2017,,,,,,,,,,,,
1691,42,9,0.091612211,4/30/2017,,,,,,,,,,,,
1692,43,9,-0.007620707,4/30/2017,,,,,,,,,,,,
1693,44,9,-0.09643237,4/30/2017,,,,,,,,,,,,
1694,45,9,0.169226949,4/30/2017,,,,,,,,,,,,
1695,46,9,0.010054634,4/30/2017,,,,,,,,,,,,
1696,47,9,0.144968935,4/30/2017,,,,,,,,,,,,
1697,48,9,0.085981113,4/30/2017,,,,,,,,,,,,
1698,49,9,0.283220849,4/30/2017,,,,,,,,,,,,
1699,50,9,0.418042847,4/30/2017,,,,,,,,,,,,
1700,51,9,0.0881054,4/30/2017,,,,,,,,,,,,
1701,52,9,0.373874287,4/30/2017,,,,,,,,,,,,
1702,53,9,0.143724543,4/30/2017,,,,,,,,,,,,
1703,54,9,0.050547492,4/30/2017,,,,,,,,,,,,
1704,55,9,0.000946419,4/30/2017,,,,,,,,,,,,
1705,56,9,0.278542276,4/30/2017,,,,,,,,,,,,
1706,57,9,0.590786731,4/30/2017,,,,,,,,,,,,
1707,58,9,0.093235939,4/30/2017,,,,,,,,,,,,
1708,59,9,0.255720664,4/30/2017,,,,,,,,,,,,
1709,60,9,0.21469939,4/30/2017,,,,,,,,,,,,
1710,61,9,0.394507123,4/30/2017,,,,,,,,,,,,
1711,62,9,0.065053305,4/30/2017,,,,,,,,,,,,
1712,63,9,0.434191239,4/30/2017,,,,,,,,,,,,
1713,64,9,0.386932522,4/30/2017,,,,,,,,,,,,
1714,65,9,0.389775344,4/30/2017,,,,,,,,,,,,
1715,66,9,0.245347257,4/30/2017,,,,,,,,,,,,
1716,67,9,0.242124495,4/30/2017,,,,,,,,,,,,
1717,68,9,0.125168683,4/30/2017,,,,,,,,,,,,
1718,69,9,0.491324325,4/30/2017,,,,,,,,,,,,
1719,70,9,0.485051167,4/30/2017,,,,,,,,,,,,
1720,71,9,0.202696407,4/30/2017,,,,,,,,,,,,
1721,32,10,0.01995548,4/30/2017,,,,,,,,,,,,
1722,33,10,0.193939922,4/30/2017,,,,,,,,,,,,
1723,34,10,0.024592515,4/30/2017,,,,,,,,,,,,
1724,35,10,0.086047149,4/30/2017,,,,,,,,,,,,
1725,36,10,0.055332829,4/30/2017,,,,,,,,,,,,
1726,37,10,0.122870509,4/30/2017,,,,,,,,,,,,
1727,38,10,0.031014869,4/30/2017,,,,,,,,,,,,
1728,39,10,-0.007238585,4/30/2017,,,,,,,,,,,,
1729,40,10,0.036878903,4/30/2017,,,,,,,,,,,,
1730,41,10,0.000490136,4/30/2017,,,,,,,,,,,,
1731,42,10,0.027364686,4/30/2017,,,,,,,,,,,,
1732,43,10,-0.00214943,4/30/2017,,,,,,,,,,,,
1733,44,10,-0.01836807,4/30/2017,,,,,,,,,,,,
1734,45,10,0.037147379,4/30/2017,,,,,,,,,,,,
1735,46,10,0.001502417,4/30/2017,,,,,,,,,,,,
1736,47,10,0.021662025,4/30/2017,,,,,,,,,,,,
1737,48,10,0.02715193,4/30/2017,,,,,,,,,,,,
1738,49,10,0.089438163,4/30/2017,,,,,,,,,,,,
1739,50,10,0.026683586,4/30/2017,,,,,,,,,,,,
1740,51,10,0.199729541,4/30/2017,,,,,,,,,,,,
1741,52,10,0.118065564,4/30/2017,,,,,,,,,,,,
1742,53,10,0.027376103,4/30/2017,,,,,,,,,,,,
1743,54,10,0.008920146,4/30/2017,,,,,,,,,,,,
1744,55,10,9.36E-05,4/30/2017,,,,,,,,,,,,
1745,56,10,0.049154519,4/30/2017,,,,,,,,,,,,
1746,57,10,0.031094038,4/30/2017,,,,,,,,,,,,
1747,58,10,0.016453401,4/30/2017,,,,,,,,,,,,
1748,59,10,0.063930166,4/30/2017,,,,,,,,,,,,
1749,60,10,0.023855488,4/30/2017,,,,,,,,,,,,
1750,61,10,0.029694085,4/30/2017,,,,,,,,,,,,
1751,62,10,0.178336557,4/30/2017,,,,,,,,,,,,
1752,63,10,0.088930736,4/30/2017,,,,,,,,,,,,
1753,64,10,0.024697821,4/30/2017,,,,,,,,,,,,
1754,65,10,0.0634518,4/30/2017,,,,,,,,,,,,
1755,66,10,0.061336814,4/30/2017,,,,,,,,,,,,
1756,67,10,0.026902722,4/30/2017,,,,,,,,,,,,
1757,68,10,0.033272688,4/30/2017,,,,,,,,,,,,
1758,69,10,0.086704293,4/30/2017,,,,,,,,,,,,
1759,70,10,0.07247891,4/30/2017,,,,,,,,,,,,
1760,71,10,0.038608839,4/30/2017,,,,,,,,,,,,
1761,32,11,0.000212762,4/30/2017,,,,,,,,,,,,
1762,33,11,0.000302158,4/30/2017,,,,,,,,,,,,
1763,34,11,0.004790211,4/30/2017,,,,,,,,,,,,
1764,35,11,8.48E-05,4/30/2017,,,,,,,,,,,,
1765,36,11,0.011577055,4/30/2017,,,,,,,,,,,,
1766,37,11,0.140546465,4/30/2017,,,,,,,,,,,,
1767,38,11,0.48901871,4/30/2017,,,,,,,,,,,,
1768,39,11,3.187142551,4/30/2017,,,,,,,,,,,,
1769,40,11,7.351054899,4/30/2017,,,,,,,,,,,,
1770,41,11,-0.301578736,4/30/2017,,,,,,,,,,,,
1771,42,11,0.80066431,4/30/2017,,,,,,,,,,,,
1772,43,11,-0.029603803,4/30/2017,,,,,,,,,,,,
1773,44,11,0.088705169,4/30/2017,,,,,,,,,,,,
1774,45,11,-0.442164249,4/30/2017,,,,,,,,,,,,
1775,46,11,0.10168758,4/30/2017,,,,,,,,,,,,
1776,47,11,0.265216341,4/30/2017,,,,,,,,,,,,
1777,48,11,0.989371318,4/30/2017,,,,,,,,,,,,
1778,49,11,-0.126898228,4/30/2017,,,,,,,,,,,,
1779,50,11,0.000104414,4/30/2017,,,,,,,,,,,,
1780,51,11,-5.52E-06,4/30/2017,,,,,,,,,,,,
1781,52,11,0.084286664,4/30/2017,,,,,,,,,,,,
1782,53,11,0.09084717,4/30/2017,,,,,,,,,,,,
1783,54,11,8.58E-05,4/30/2017,,,,,,,,,,,,
1784,55,11,0.001224083,4/30/2017,,,,,,,,,,,,
1785,56,11,0.114864564,4/30/2017,,,,,,,,,,,,
1786,57,11,0.00120129,4/30/2017,,,,,,,,,,,,
1787,58,11,0.22693585,4/30/2017,,,,,,,,,,,,
1788,59,11,0.206137494,4/30/2017,,,,,,,,,,,,
1789,60,11,-0.244453944,4/30/2017,,,,,,,,,,,,
1790,61,11,1.949705397,4/30/2017,,,,,,,,,,,,
1791,62,11,-9.54E-06,4/30/2017,,,,,,,,,,,,
1792,63,11,0.480984137,4/30/2017,,,,,,,,,,,,
1793,64,11,0.229193205,4/30/2017,,,,,,,,,,,,
1794,65,11,-0.128586883,4/30/2017,,,,,,,,,,,,
1795,66,11,0.241656095,4/30/2017,,,,,,,,,,,,
1796,67,11,-0.011180966,4/30/2017,,,,,,,,,,,,
1797,68,11,0.297994376,4/30/2017,,,,,,,,,,,,
1798,69,11,0.172052049,4/30/2017,,,,,,,,,,,,
1799,70,11,0.081248747,4/30/2017,,,,,,,,,,,,
1800,71,11,0.143976076,4/30/2017,,,,,,,,,,,,
1801,32,12,-1.26E-05,4/30/2017,,,,,,,,,,,,
1802,33,12,-1.26E-05,4/30/2017,,,,,,,,,,,,
1803,34,12,0.063502157,4/30/2017,,,,,,,,,,,,
1804,35,12,-1.26E-05,4/30/2017,,,,,,,,,,,,
1805,36,12,0.046126551,4/30/2017,,,,,,,,,,,,
1806,37,12,0.150220445,4/30/2017,,,,,,,,,,,,
1807,38,12,-0.051732954,4/30/2017,,,,,,,,,,,,
1808,39,12,-0.515085781,4/30/2017,,,,,,,,,,,,
1809,40,12,-0.593167878,4/30/2017,,,,,,,,,,,,
1810,41,12,-0.045961787,4/30/2017,,,,,,,,,,,,
1811,42,12,-0.050306405,4/30/2017,,,,,,,,,,,,
1812,43,12,-0.053662614,4/30/2017,,,,,,,,,,,,
1813,44,12,0.074612859,4/30/2017,,,,,,,,,,,,
1814,45,12,-0.049849041,4/30/2017,,,,,,,,,,,,
1815,46,12,0.081340968,4/30/2017,,,,,,,,,,,,
1816,47,12,-0.057164817,4/30/2017,,,,,,,,,,,,
1817,48,12,-0.050020884,4/30/2017,,,,,,,,,,,,
1818,49,12,-0.051710928,4/30/2017,,,,,,,,,,,,
1819,50,12,-1.26E-05,4/30/2017,,,,,,,,,,,,
1820,51,12,-1.26E-05,4/30/2017,,,,,,,,,,,,
1821,52,12,-0.051003667,4/30/2017,,,,,,,,,,,,
1822,53,12,0.110147288,4/30/2017,,,,,,,,,,,,
1823,54,12,-1.26E-05,4/30/2017,,,,,,,,,,,,
1824,55,12,-0.000302349,4/30/2017,,,,,,,,,,,,
1825,56,12,-0.038070828,4/30/2017,,,,,,,,,,,,
1826,57,12,0.09923362,4/30/2017,,,,,,,,,,,,
1827,58,12,-0.050020673,4/30/2017,,,,,,,,,,,,
1828,59,12,-0.044175487,4/30/2017,,,,,,,,,,,,
1829,60,12,-0.050020908,4/30/2017,,,,,,,,,,,,
1830,61,12,-0.050020908,4/30/2017,,,,,,,,,,,,
1831,62,12,-1.26E-05,4/30/2017,,,,,,,,,,,,
1832,63,12,-0.040276294,4/30/2017,,,,,,,,,,,,
1833,64,12,-0.016663403,4/30/2017,,,,,,,,,,,,
1834,65,12,-0.015673773,4/30/2017,,,,,,,,,,,,
1835,66,12,-0.024977601,4/30/2017,,,,,,,,,,,,
1836,67,12,-0.01053956,4/30/2017,,,,,,,,,,,,
1837,68,12,-0.01665518,4/30/2017,,,,,,,,,,,,
1838,69,12,-0.033636976,4/30/2017,,,,,,,,,,,,
1839,70,12,-0.013978213,4/30/2017,,,,,,,,,,,,
1840,71,12,-0.021346614,4/30/2017,,,,,,,,,,,,
1841,32,13,0.002681497,4/30/2017,,,,,,,,,,,,
1842,33,13,-0.009832156,4/30/2017,,,,,,,,,,,,
1843,34,13,0.015578222,4/30/2017,,,,,,,,,,,,
1844,35,13,0.024005785,4/30/2017,,,,,,,,,,,,
1845,36,13,0.021591276,4/30/2017,,,,,,,,,,,,
1846,37,13,0.122958807,4/30/2017,,,,,,,,,,,,
1847,38,13,-0.01091172,4/30/2017,,,,,,,,,,,,
1848,39,13,-0.005900175,4/30/2017,,,,,,,,,,,,
1849,40,13,-0.005107614,4/30/2017,,,,,,,,,,,,
1850,41,13,-0.002641869,4/30/2017,,,,,,,,,,,,
1851,42,13,0.00220556,4/30/2017,,,,,,,,,,,,
1852,43,13,-0.010365451,4/30/2017,,,,,,,,,,,,
1853,44,13,-0.002298426,4/30/2017,,,,,,,,,,,,
1854,45,13,-0.012769034,4/30/2017,,,,,,,,,,,,
1855,46,13,-0.018805305,4/30/2017,,,,,,,,,,,,
1856,47,13,-0.013194669,4/30/2017,,,,,,,,,,,,
1857,48,13,-0.003648296,4/30/2017,,,,,,,,,,,,
1858,49,13,0.007235786,4/30/2017,,,,,,,,,,,,
1859,50,13,0.006875634,4/30/2017,,,,,,,,,,,,
1860,51,13,-0.005472443,4/30/2017,,,,,,,,,,,,
1861,52,13,-0.012201522,4/30/2017,,,,,,,,,,,,
1862,53,13,-0.01123675,4/30/2017,,,,,,,,,,,,
1863,54,13,-0.006500599,4/30/2017,,,,,,,,,,,,
1864,55,13,-0.005408062,4/30/2017,,,,,,,,,,,,
1865,56,13,0.00851269,4/30/2017,,,,,,,,,,,,
1866,57,13,-0.003714628,4/30/2017,,,,,,,,,,,,
1867,58,13,-0.001080457,4/30/2017,,,,,,,,,,,,
1868,59,13,0.012130583,4/30/2017,,,,,,,,,,,,
1869,60,13,0.005218649,4/30/2017,,,,,,,,,,,,
1870,61,13,0.009120739,4/30/2017,,,,,,,,,,,,
1871,62,13,-0.002270051,4/30/2017,,,,,,,,,,,,
1872,63,13,0.010215228,4/30/2017,,,,,,,,,,,,
1873,64,13,-0.006989366,4/30/2017,,,,,,,,,,,,
1874,65,13,0.00147852,4/30/2017,,,,,,,,,,,,
1875,66,13,0.008602297,4/30/2017,,,,,,,,,,,,
1876,67,13,0.010447392,4/30/2017,,,,,,,,,,,,
1877,68,13,0.011590354,4/30/2017,,,,,,,,,,,,
1878,69,13,0.003511484,4/30/2017,,,,,,,,,,,,
1879,70,13,0.005958883,4/30/2017,,,,,,,,,,,,
1880,71,13,-0.000170254,4/30/2017,,,,,,,,,,,,
1881,32,14,-0.319462054,4/30/2017,,,,,,,,,,,,
1882,33,14,0.230722595,4/30/2017,,,,,,,,,,,,
1883,34,14,0.298308002,4/30/2017,,,,,,,,,,,,
1884,35,14,0.1123649,4/30/2017,,,,,,,,,,,,
1885,36,14,0.312104747,4/30/2017,,,,,,,,,,,,
1886,37,14,0.109070922,4/30/2017,,,,,,,,,,,,
1887,38,14,0.099630211,4/30/2017,,,,,,,,,,,,
1888,39,14,0.019361337,4/30/2017,,,,,,,,,,,,
1889,40,14,-0.719135361,4/30/2017,,,,,,,,,,,,
1890,41,14,0.646023266,4/30/2017,,,,,,,,,,,,
1891,42,14,-0.377546064,4/30/2017,,,,,,,,,,,,
1892,43,14,-0.246857042,4/30/2017,,,,,,,,,,,,
1893,44,14,-0.251697376,4/30/2017,,,,,,,,,,,,
1894,45,14,-0.842218144,4/30/2017,,,,,,,,,,,,
1895,46,14,1277,4/30/2017,,,,,,,,,,,,
1896,47,14,-0.21394277,4/30/2017,,,,,,,,,,,,
1897,48,14,0.43078974,4/30/2017,,,,,,,,,,,,
1898,49,14,-0.062924344,4/30/2017,,,,,,,,,,,,
1899,50,14,0.572039492,4/30/2017,,,,,,,,,,,,
1900,51,14,0.317618118,4/30/2017,,,,,,,,,,,,
1901,52,14,0.473430779,4/30/2017,,,,,,,,,,,,
1902,53,14,-0.35956768,4/30/2017,,,,,,,,,,,,
1903,54,14,-0.457029446,4/30/2017,,,,,,,,,,,,
1904,55,14,0.569315494,4/30/2017,,,,,,,,,,,,
1905,56,14,0.131092383,4/30/2017,,,,,,,,,,,,
1906,57,14,-0.243018156,4/30/2017,,,,,,,,,,,,
1907,58,14,-0.092730612,4/30/2017,,,,,,,,,,,,
1908,59,14,-0.377546064,4/30/2017,,,,,,,,,,,,
1909,60,14,-0.40715752,4/30/2017,,,,,,,,,,,,
1910,61,14,0.400019044,4/30/2017,,,,,,,,,,,,
1911,62,14,-0.220235204,4/30/2017,,,,,,,,,,,,
1912,63,14,-0.44320625,4/30/2017,,,,,,,,,,,,
1913,64,14,0.570514053,4/30/2017,,,,,,,,,,,,
1914,65,14,-0.419495627,4/30/2017,,,,,,,,,,,,
1915,66,14,0.404904475,4/30/2017,,,,,,,,,,,,
1916,67,14,0.295744417,4/30/2017,,,,,,,,,,,,
1917,68,14,-0.545344315,4/30/2017,,,,,,,,,,,,
1918,69,14,-0.654413178,4/30/2017,,,,,,,,,,,,
1919,70,14,0.199622057,4/30/2017,,,,,,,,,,,,
1920,71,14,-0.150050359,4/30/2017,,,,,,,,,,,,
1921,32,15,0.048354492,4/30/2017,,,,,,,,,,,,
1922,33,15,-0.016522562,4/30/2017,,,,,,,,,,,,
1923,34,15,0.048280214,4/30/2017,,,,,,,,,,,,
1924,35,15,-0.016898075,4/30/2017,,,,,,,,,,,,
1925,36,15,0.077991116,4/30/2017,,,,,,,,,,,,
1926,37,15,0.01440689,4/30/2017,,,,,,,,,,,,
1927,38,15,-0.001398461,4/30/2017,,,,,,,,,,,,
1928,39,15,-0.004325907,4/30/2017,,,,,,,,,,,,
1929,40,15,-0.078576049,4/30/2017,,,,,,,,,,,,
1930,41,15,-0.023657305,4/30/2017,,,,,,,,,,,,
1931,42,15,-0.022767933,4/30/2017,,,,,,,,,,,,
1932,43,15,-0.029740612,4/30/2017,,,,,,,,,,,,
1933,44,15,-0.017123383,4/30/2017,,,,,,,,,,,,
1934,45,15,0.023350067,4/30/2017,,,,,,,,,,,,
1935,46,15,1740,4/30/2017,,,,,,,,,,,,
1936,47,15,-0.00514989,4/30/2017,,,,,,,,,,,,
1937,48,15,0.017819788,4/30/2017,,,,,,,,,,,,
1938,49,15,0.002503419,4/30/2017,,,,,,,,,,,,
1939,50,15,0.066363349,4/30/2017,,,,,,,,,,,,
1940,51,15,0.010918756,4/30/2017,,,,,,,,,,,,
1941,52,15,-0.068387504,4/30/2017,,,,,,,,,,,,
1942,53,15,0.073737055,4/30/2017,,,,,,,,,,,,
1943,54,15,0.073831589,4/30/2017,,,,,,,,,,,,
1944,55,15,-0.023532134,4/30/2017,,,,,,,,,,,,
1945,56,15,0.026473651,4/30/2017,,,,,,,,,,,,
1946,57,15,0.063086147,4/30/2017,,,,,,,,,,,,
1947,58,15,0.058989644,4/30/2017,,,,,,,,,,,,
1948,59,15,0.008537975,4/30/2017,,,,,,,,,,,,
1949,60,15,-0.012998519,4/30/2017,,,,,,,,,,,,
1950,61,15,0.062764279,4/30/2017,,,,,,,,,,,,
1951,62,15,0.004828021,4/30/2017,,,,,,,,,,,,
1952,63,15,0.009358934,4/30/2017,,,,,,,,,,,,
1953,64,15,0.015521195,4/30/2017,,,,,,,,,,,,
1954,65,15,0.003004102,4/30/2017,,,,,,,,,,,,
1955,66,15,-0.04731461,4/30/2017,,,,,,,,,,,,
1956,67,15,-0.042718334,4/30/2017,,,,,,,,,,,,
1957,68,15,0.023060902,4/30/2017,,,,,,,,,,,,
1958,69,15,-0.048125718,4/30/2017,,,,,,,,,,,,
1959,70,15,0.025588514,4/30/2017,,,,,,,,,,,,
1960,71,15,0.01351846,4/30/2017,,,,,,,,,,,,
1961,32,16,761.9407541,4/30/2017,,,,,,,,,,,,
1962,33,16,3749.605818,4/30/2017,,,,,,,,,,,,
1963,34,16,310.5677288,4/30/2017,,,,,,,,,,,,
1964,35,16,2813.832104,4/30/2017,,,,,,,,,,,,
1965,36,16,2010.922393,4/30/2017,,,,,,,,,,,,
1966,37,16,0.028878524,4/30/2017,,,,,,,,,,,,
1967,38,16,13292.45871,4/30/2017,,,,,,,,,,,,
1968,39,16,2760.196054,4/30/2017,,,,,,,,,,,,
1969,40,16,640.7923432,4/30/2017,,,,,,,,,,,,
1970,41,16,4672.933343,4/30/2017,,,,,,,,,,,,
1971,42,16,2851.563617,4/30/2017,,,,,,,,,,,,
1972,43,16,356.1387347,4/30/2017,,,,,,,,,,,,
1973,44,16,574.7316295,4/30/2017,,,,,,,,,,,,
1974,45,16,373.1429711,4/30/2017,,,,,,,,,,,,
1975,46,16,7960.491358,4/30/2017,,,,,,,,,,,,
1976,47,16,5131.70947,4/30/2017,,,,,,,,,,,,
1977,48,16,11134.59803,4/30/2017,,,,,,,,,,,,
1978,49,16,1663.504874,4/30/2017,,,,,,,,,,,,
1979,50,16,5985.038258,4/30/2017,,,,,,,,,,,,
1980,51,16,5068.711644,4/30/2017,,,,,,,,,,,,
1981,52,16,393.7940793,4/30/2017,,,,,,,,,,,,
1982,53,16,2010.936605,4/30/2017,,,,,,,,,,,,
1983,54,16,7076.760604,4/30/2017,,,,,,,,,,,,
1984,55,16,14057.45842,4/30/2017,,,,,,,,,,,,
1985,56,16,7941.28665,4/30/2017,,,,,,,,,,,,
1986,57,16,5840.385718,4/30/2017,,,,,,,,,,,,
1987,58,16,12921.40828,4/30/2017,,,,,,,,,,,,
1988,59,16,900.9243852,4/30/2017,,,,,,,,,,,,
1989,60,16,5715.290142,4/30/2017,,,,,,,,,,,,
1990,61,16,8517.28095,4/30/2017,,,,,,,,,,,,
1991,62,16,2116.973414,4/30/2017,,,,,,,,,,,,
1992,63,16,12285.12263,4/30/2017,,,,,,,,,,,,
1993,64,16,9121.55178,4/30/2017,,,,,,,,,,,,
1994,65,16,679.7226768,4/30/2017,,,,,,,,,,,,
1995,66,16,2863.635901,4/30/2017,,,,,,,,,,,,
1996,67,16,734.0648651,4/30/2017,,,,,,,,,,,,
1997,68,16,6882.259015,4/30/2017,,,,,,,,,,,,
1998,69,16,10945.63034,4/30/2017,,,,,,,,,,,,
1999,70,16,12383.3459,4/30/2017,,,,,,,,,,,,
2000,71,16,3221.929349,4/30/2017,,,,,,,,,,,,
2001,32,17,0.121205706,4/30/2017,,,,,,,,,,,,
2002,33,17,0.065134072,4/30/2017,,,,,,,,,,,,
2003,34,17,0.007962272,4/30/2017,,,,,,,,,,,,
2004,35,17,0.027512788,4/30/2017,,,,,,,,,,,,
2005,36,17,0.004084484,4/30/2017,,,,,,,,,,,,
2006,37,17,0.006216466,4/30/2017,,,,,,,,,,,,
2007,38,17,0.005901274,4/30/2017,,,,,,,,,,,,
2008,39,17,0.265260195,4/30/2017,,,,,,,,,,,,
2009,40,17,-0.005127861,4/30/2017,,,,,,,,,,,,
2010,41,17,0.016857558,4/30/2017,,,,,,,,,,,,
2011,42,17,0.004892763,4/30/2017,,,,,,,,,,,,
2012,43,17,-0.013197321,4/30/2017,,,,,,,,,,,,
2013,44,17,0.081791273,4/30/2017,,,,,,,,,,,,
2014,45,17,0.003108891,4/30/2017,,,,,,,,,,,,
2015,46,17,0.03643287,4/30/2017,,,,,,,,,,,,
2016,47,17,3.10E-06,4/30/2017,,,,,,,,,,,,
2017,48,17,0.000445144,4/30/2017,,,,,,,,,,,,
2018,49,17,0.001030099,4/30/2017,,,,,,,,,,,,
2019,50,17,0.010719705,4/30/2017,,,,,,,,,,,,
2020,51,17,36.0858188,4/30/2017,,,,,,,,,,,,
2021,52,17,-0.004462599,4/30/2017,,,,,,,,,,,,
2022,53,17,0.001394014,4/30/2017,,,,,,,,,,,,
2023,54,17,0.000188059,4/30/2017,,,,,,,,,,,,
2024,55,17,0.001279357,4/30/2017,,,,,,,,,,,,
2025,56,17,0.008501027,4/30/2017,,,,,,,,,,,,
2026,57,17,0.001129534,4/30/2017,,,,,,,,,,,,
2027,58,17,0.006555062,4/30/2017,,,,,,,,,,,,
2028,59,17,0.000434692,4/30/2017,,,,,,,,,,,,
2029,60,17,0.000796223,4/30/2017,,,,,,,,,,,,
2030,61,17,0.013707498,4/30/2017,,,,,,,,,,,,
2031,62,17,0.052120416,4/30/2017,,,,,,,,,,,,
2032,63,17,0.004862824,4/30/2017,,,,,,,,,,,,
2033,64,17,0.000260557,4/30/2017,,,,,,,,,,,,
2034,65,17,0.002741118,4/30/2017,,,,,,,,,,,,
2035,66,17,0.006678913,4/30/2017,,,,,,,,,,,,
2036,67,17,0.001593051,4/30/2017,,,,,,,,,,,,
2037,68,17,0.000640233,4/30/2017,,,,,,,,,,,,
2038,69,17,0.024770625,4/30/2017,,,,,,,,,,,,
2039,70,17,0.002254342,4/30/2017,,,,,,,,,,,,
2040,71,17,0.001651574,4/30/2017,,,,,,,,,,,,
