id,title,status,from_uid,due_date,created_time,updated_time,entity_id,description,entity_type,structure_id
15,Task Test Pagination C,1,28,2018-01-31 00:00:00,2018-01-31 00:00:00,2018-03-06 10:25:25.044083,,Test,,
10,Task Test A,1,8,2018-01-31 00:00:00,2018-01-31 00:00:00,2018-01-31 00:00:00,,without entity,,
11,Task Test B,1,28,2018-01-31 00:00:00,2018-01-31 00:00:00,2018-01-31 00:00:00,,test page,,
12,Task Test Pagination,1,28,2018-01-31 00:00:00,2018-01-31 00:00:00,2018-01-31 00:00:00,,Test,,
13,Task Test Pagination A,1,28,2018-01-31 00:00:00,2018-01-31 00:00:00,2018-01-31 00:00:00,,Test,,
14,Task Test Pagination B,1,28,2018-01-31 00:00:00,2018-01-31 00:00:00,2018-01-31 00:00:00,,Test,,
16,Task Test Pagination D,1,28,2018-01-31 00:00:00,2018-01-31 00:00:00,2018-01-31 00:00:00,,Test,,
17,Task Test Pagination E,1,28,2018-01-31 00:00:00,2018-01-31 00:00:00,2018-01-31 00:00:00,,Test,,
18,add task,1,26,2018-02-28 00:00:00,2018-02-24 09:38:09.070079,2018-02-24 09:38:09.070079,,add task test,,
19,add task,1,26,2018-02-28 00:00:00,2018-02-24 09:38:09.070079,2018-02-24 09:38:09.070079,,add task test,,
20,add task,1,26,2018-02-28 00:00:00,2018-02-24 09:40:28.037601,2018-02-24 09:40:28.037601,,add task test,,
21,add task,1,26,2018-02-28 00:00:00,2018-02-24 09:41:35.023141,2018-02-24 09:41:35.023141,,add task test,,
22,update task test,1,26,2018-02-28 00:00:00,2018-02-27 06:12:37.567963,2018-02-28 10:19:01.75509,,add task test,,
9,Task without entity,3,28,2018-01-31 00:00:00,2018-01-29 00:00:00,2018-03-05 10:35:03.643283,,without entity,,
6,Alert Follow Up,2,28,2018-01-31 00:00:00,2018-01-29 00:00:00,2018-01-29 00:00:00,1,Test,1,
7,Task for Alert A,1,8,2018-01-31 00:00:00,2018-01-29 00:00:00,2018-01-29 00:00:00,2,Test,1,
8,Task for demo fund,3,8,2018-01-31 00:00:00,2018-01-29 00:00:00,2018-01-29 00:00:00,,Demo Fund,,
29,Test M004,3,28,2018-03-05 05:38:07.664,2018-03-02 03:57:52.610736,2018-03-06 10:17:40.852247,5,Have a look,2,35
